Name,Gender,Age,Occupation,ZIP-code
Rowland Drage,M,25,3,100
Aubrie Kenderdine,F,50,1,559
Drugi Jonuzi,M,1,8,773
Martin Larkins,M,56,17,302
Dur Monro,M,45,7,430
Jasper Muxworthy,M,25,0,284
Gradey GiacobbiniJacob,M,50,20,108
Marlow Fennick,M,45,15,554
Ignacio Kubasek,M,25,7,60
Dill Turrill,M,25,9,625
Barclay Yoakley,M,35,12,981
Agnesse Carville,F,25,20,726
Goddard Jacmard,M,56,4,782
Rica Burns,F,25,14,558
Delphine Wasling,F,18,6,70
Oliver Knightly,M,50,20,805
Horatius Eddison,M,18,3,337
Giorgi Chasmoor,M,35,11,207
Ardisj Klulicek,F,1,14,358
Felicity Germann,F,35,4,228
Edithe Pratty,F,35,9,492
Jerrilee Castillou,F,56,15,235
Moyra McKune,F,25,1,230
Ezechiel Plowman,M,35,1,537
Holmes Krauze,M,25,15,121
Orin Beaton,M,25,15,333
Everett Pridie,M,18,15,306
Faye Garrie,F,56,20,334
Adelaide Cansdale,F,50,14,550
Marina Joost,F,50,10,852
Brooks Fellis,M,56,3,244
Trenna Hamberston,F,35,3,276
Audrie Josiah,F,35,4,37
Virgil Duckels,M,25,19,206
Emelia Reisen,F,25,9,968
Julius Rumbold,M,45,1,616
Reynolds Mountcastle,M,35,6,971
Gasparo Fullstone,M,35,20,811
Patrick Heenan,M,25,6,379
Derrik Alexsandrowicz,M,25,4,276
Jobi Cripps,F,25,5,549
Rayner Zanutti,M,35,19,206
Benyamin Fihelly,M,35,14,618
Edgard Ogborne,M,25,14,431
Aleda Sitlington,F,25,2,79
Rock Dabnot,M,35,20,786
Hobart Simoncelli,M,25,17,178
Roma Jilkes,M,18,8,838
Rudie Glasspoole,M,56,15,191
Sebastian Muslim,M,1,0,584
