Name,Gender,Age,Occupation,ZIP-code
Cullen Prose,M,56,3,731
Arri Strode,M,45,20,33
Kendall Kondratowicz,M,56,0,345
Hallsy Mitchard,M,18,7,681
Sean Riall,M,35,11,928
Cullan Fruchon,M,1,15,131
Olin Oldmeadow,M,18,1,329
Davis De Ferraris,M,56,2,981
Dick Vassay,M,25,4,641
Warde Setterthwait,M,18,3,17
Abigael Stripp,F,18,3,803
Mala Seago,F,45,8,13
Crin Bartoszewski,F,1,3,338
Farris Garth,M,25,0,64
Samuele Callister,M,56,1,306
Domini Warhurst,F,1,1,799
Cort Luscott,M,35,14,744
Mano Hallibone,M,56,7,991
Issiah Proske,M,25,20,930
Lindy Pointin,M,45,20,88
Munroe Heminsley,M,18,0,597
Ward Beseke,M,56,2,950
Haily Jobern,M,1,4,313
Dael Dyos,F,25,15,282
Fidelio Kinch,M,25,0,992
Liam Shooter,M,56,1,958
Connor Ambrogini,M,56,5,494
Anastasia Clougher,F,25,15,207
Cecily Stivens,F,56,19,539
Britte Heliar,F,25,17,802
Temp Jiggens,M,18,17,988
Bronnie Corringham,M,18,9,200
Ilaire Garett,M,1,17,200
Worth McKiddin,M,18,9,913
Paulo Rutty,M,35,4,329
Dixie Roggerone,F,50,8,928
Carole Gulleford,F,35,12,69
Ariela Letterick,F,25,15,405
Louisa O' Finan,F,56,17,811
Kylie Dunckley,F,25,3,550
Denver Whitmarsh,M,25,12,523
Krispin Sandall,M,56,1,551
Kenton Benneton,M,56,20,630
Bartram Aujouanet,M,45,9,730
Fax O'Shirine,M,25,7,581
Bax Kimmings,M,35,3,113
Sander Village,M,25,16,622
Blanca Candey,F,50,11,925
Magdalena Charette,F,56,0,220
Robb Laidler,M,18,20,469
