Name,Gender,Age,Occupation,ZIP-code
Ezri Targetter,M,35,5,870
Bernete Gatecliff,F,25,14,331
Florina Stiffell,F,18,20,904
Regina Mylchreest,F,45,0,223
Olag Giovannardi,M,50,0,109
Wyndham Manterfield,M,35,13,142
Farrell Bosward,M,25,20,430
Wyatan Hanratty,M,1,11,870
Licha Bellay,F,35,1,333
Geri Benyan,M,25,10,290
Boycey Plumm,M,25,13,501
Sheree Bleackley,F,25,16,616
Erroll Munby,M,45,7,660
Leta Hardwin,F,35,4,655
Shea Castro,M,50,18,847
Kellie Blastock,F,18,17,170
Hasty Plowright,M,45,13,26
Milly Caukill,F,18,9,672
Del Stockport,F,56,16,522
Ashla Breakwell,F,25,17,417
Vincenty Everal,M,25,7,382
Scotti Caulcott,M,18,11,220
Isaak Tonnesen,M,35,20,940
Sibylla Moreno,F,35,7,959
Emlynn Rycroft,F,18,9,79
Rice Bedder,M,18,12,610
Alvy Fancett,M,50,10,193
Isis Witnall,F,56,1,981
Augustina Jaine,F,50,0,547
Dionne Warrillow,F,50,10,144
Joelle Filkov,F,35,8,910
Larry Matthias,M,25,0,224
Bev McCosker,F,56,19,836
Paulo Roxbee,M,50,2,847
Opal Sarney,F,1,0,919
Sandy Hercock,F,18,8,80
Francklyn Cartwright,M,50,0,104
Odell Mackin,M,18,6,88
Elva Sinderland,F,45,14,596
Golda Jantot,F,18,3,660
Field Baudouin,M,25,1,560
Julius Glidden,M,25,0,480
Addie Nightingale,F,50,4,520
Raye Brash,F,35,8,539
Craig Urion,M,35,15,956
Sharyl Sandells,F,18,8,904
Arlen Astles,M,50,12,488
Hillard Church,M,45,19,336
Garik Tedorenko,M,35,2,966
Eulalie Beilby,F,25,8,744
