Name,Gender,Age,Occupation,ZIP-code
Merla Isakov,F,35,8,973
Kaiser Bellie,M,25,2,433
Jaymee Knudsen,F,50,12,997
Hagan Jinkins,M,35,20,273
Ferne Antoinet,F,18,14,292
Boniface Lown,M,1,8,833
Prentice Hilley,M,35,11,17
Sunny Sepey,M,1,16,458
Berky Chateau,M,50,11,701
Curtice Laughtisse,M,35,4,462
Gannie Checchetelli,M,18,7,114
Fionnula Parkins,F,35,19,778
Giuseppe Lowthorpe,M,35,9,928
Shelton Feaks,M,25,0,362
Esme McElroy,F,50,10,523
Torrin Yeardley,M,18,4,144
Glori Decreuze,F,50,0,462
Ermanno Trenchard,M,18,9,605
Jessica Cattenach,F,45,11,974
Sandye Lapworth,F,18,9,741
Goober Eager,M,25,14,910
Lorin Jimpson,M,18,10,382
Rourke McTrusty,M,35,13,53
Rupert Kedie,M,18,17,194
Archer Sutton,M,35,12,631
Ewart Colombier,M,18,19,240
Woody Normadell,M,25,16,396
Ida Edwins,F,35,14,208
Mord Sedgebeer,M,1,9,581
Cahra Ruck,F,25,5,82
Delmer Ryce,M,35,8,503
Theda Milstead,F,25,4,198
Burk Ketchaside,M,25,5,674
Niall Tattershall,M,18,2,923
Arda Dunning,F,25,14,460
Dino Trotter,M,18,19,312
Albie Kyngdon,M,1,1,722
Vallie Burnie,F,45,11,88
Angel Wilsone,M,18,16,914
Hurley Tomkys,M,50,19,212
Fair Pund,M,35,18,616
Beth Beumant,F,1,20,235
Tami Achromov,F,1,18,984
Trudi Hilary,F,50,14,443
Rorke Parish,M,25,0,527
Dorisa Raven,F,35,13,852
Inger Youell,M,25,9,434
Flinn Flament,M,25,19,471
Horace Privett,M,25,10,804
Chico Trimming,M,18,15,168
