Name,Gender,Age,Occupation,ZIP-code
Lawton Espinel,M,45,19,180
Man Nussgen,M,25,17,596
Tally Freckingham,M,25,12,434
Sanford Constantine,M,25,0,655
Denny Copcote,F,56,15,142
Nolie Sprionghall,F,45,17,809
Reynolds MacColm,M,18,5,535
Alta Laing,F,1,18,701
Norrie Skillern,M,35,1,88
Sheela Medlicott,F,18,2,37
Nester Blesdill,M,1,15,970
Donn Buttrick,M,35,15,597
Brandyn Wellington,M,45,11,222
Salvatore Reary,M,1,19,465
Hersh Pfaff,M,35,7,19
Vaughan O'Donoghue,M,25,9,863
Audry Nossent,F,56,16,772
Thomas Daniells,M,25,7,33
Christophorus Sange,M,25,18,782
Deeann Van den Broek,F,18,16,49
Datha Holligan,F,56,8,157
Raye Edgeson,F,25,12,555
Corliss Stanney,F,18,15,424
Avram McCarthy,M,25,13,473
Tallie Feeley,F,50,3,971
Lethia MacGebenay,F,50,15,985
Reine Ranshaw,F,35,0,606
Halette Holt,F,18,17,323
Ellwood Freegard,M,35,14,303
Neel Port,M,1,11,432
Roddy Crosland,M,18,10,10
Melodee Diviny,F,18,0,296
Allan Gathwaite,M,45,0,146
Ingamar Chorley,M,50,3,969
Terrijo Fieldhouse,F,1,17,627
Rafi Chesshire,M,50,0,770
Saundra Pickthall,F,35,3,627
Oriana McVie,F,45,7,803
Jacynth Calcraft,F,45,6,208
Arlina Moakson,F,18,5,29
Hilliary Spurgin,F,25,15,993
Gilburt Gokes,M,1,11,33
Imelda Lanham,F,50,7,557
Georgeta Watting,F,45,14,346
Nikola Fiddeman,M,18,19,600
Cesar Elen,M,18,14,606
Redd Konmann,M,1,15,597
Tobie Shafto,M,56,6,535
Keary Drury,M,35,3,925
Jayme Dukes,M,35,17,309
