Name,Gender,Age,Occupation,ZIP-code
Keefe Jackways,M,35,4,290
Aldo Moran,M,25,4,973
Christophorus Hauch,M,18,5,208
Basilius Hadcroft,M,45,14,358
Moises Allitt,M,50,5,222
Kristian Cullon,M,18,8,992
Antonino Corde,M,45,19,437
Staffard Kahane,M,18,0,220
Kippy Da Costa,F,18,16,530
Bondy Davet,M,35,1,334
Melba Bendig,F,18,7,598
Meryl Rushe,F,25,18,79
Ezechiel Still,M,45,2,112
Jabez Passo,M,56,6,666
Marmaduke Odney,M,45,2,378
Marlo Bim,M,18,6,631
Gae Evetts,F,25,4,49
Demetria Plewright,F,25,12,287
Rolfe Torpie,M,25,20,813
Tabina Whitaker,F,25,19,287
Keane Coventon,M,25,11,38
Rex Cabrera,M,25,12,700
Kara-lynn Hardes,F,50,0,850
North Belone,M,25,6,110
Ken Camel,M,35,5,680
Zackariah Binstead,M,56,9,430
Demeter Wylie,F,35,0,640
Richmond Tinner,M,25,2,813
Mordy Bauer,M,56,4,550
Agnes Buten,F,25,8,442
Tomlin Ramirez,M,25,4,662
Kevin Breed,M,50,19,103
Evelyn Dibling,M,1,20,912
Brew Carbry,M,50,15,604
Roarke Hexham,M,25,14,358
Valenka Ghione,F,25,17,778
Thia Kimberly,F,25,20,991
Nisse Ablett,F,18,8,186
Alair Ryles,M,45,17,108
Brina Hellwig,F,50,17,27
Zia Linforth,F,45,20,919
Gard Stollenberg,M,56,14,967
Ryann Lawlance,F,50,0,421
Berkeley Devin,M,18,10,805
Fremont Kleyn,M,45,20,207
Arda Bang,F,45,16,495
Ashley Milton-White,F,35,12,914
Casar Yarnall,M,18,19,488
Humbert Densumbe,M,35,14,17
Eula Valentetti,F,45,4,53
