Name,Gender,Age,Occupation,ZIP-code
Talia Sacks,F,25,12,631
Hy Baglin,M,35,14,274
Bowie Benbow,M,50,9,914
Salim Battell,M,18,18,741
Leigh Kitchenham,M,25,17,597
Humphrey Siddell,M,1,6,430
Sylas Boater,M,25,0,853
Eugene Keizman,M,25,17,802
Lou Gokes,M,25,4,805
Yardley Tunnicliff,M,25,3,83
Riordan Greenlies,M,25,7,555
Benny Cassin,M,50,6,577
Powell Waylett,M,25,3,931
Niccolo Bastide,M,25,6,520
Bradley Urridge,M,25,5,539
Goober Saffell,M,56,0,969
Aeriela Coggings,F,1,11,777
Faith Duddin,F,35,8,826
Rana Kohn,F,25,4,98
Sonny Sangwine,M,25,14,380
Quincy Circuitt,M,45,7,895
Kati Mawson,F,25,2,933
Elihu Pringour,M,25,5,459
Steffi Klimashevich,F,18,18,900
Boy Gawke,M,56,0,547
Freda Filisov,F,35,7,442
Geno Canedo,M,35,8,527
Mile Le Friec,M,45,0,121
Giff Burleton,M,35,16,123
Pate Speachley,M,18,15,330
Gearalt Wesson,M,1,4,605
Andriana McArley,F,1,15,843
Dwayne Bensley,M,1,14,554
Kate Spruce,F,35,10,232
John Bover,M,35,11,826
Doyle Hartshorne,M,56,10,24
Minnie Storrs,F,18,0,38
Issi Como,F,50,9,89
Garrick Carty,M,45,0,741
Kirby Windross,F,25,4,900
Artair Carnow,M,25,15,485
Job Rangle,M,25,3,373
Care Berzen,M,45,5,64
Mariel Haddeston,F,18,14,531
Cliff Behninck,M,50,12,328
Berti Shepard,F,18,6,17
Florance O'Day,F,25,20,224
Rollin Sleet,M,18,12,534
Marjory Meagher,F,35,5,220
Gram Merton,M,1,4,481
