Name,Gender,Age,Occupation,ZIP-code
Antonina Hickenbottom,F,25,3,493
Aldis Campelli,M,35,2,261
Tull Trengrouse,M,18,14,852
Rahel Eastmond,F,18,6,290
Maribelle Garwell,F,56,17,30
Korella Hustings,F,25,18,466
Cristy Demangel,F,25,8,744
Noami Schruur,F,18,15,473
Christen Alans,F,35,20,558
Maurise Hempshall,M,1,2,373
Jay Marqyes,M,25,6,458
Angelique Kimbling,F,56,3,77
Brendon O'Cannon,M,45,0,685
Enos Rack,M,45,16,878
Cammie Gentsch,F,45,13,284
Nester Blesdill,M,25,6,84
Kain Cashford,M,50,11,559
Dudley Lymbourne,M,56,20,161
Shaina Jellybrand,F,45,15,285
Terrance Blacksland,M,50,6,483
Konrad Chrystal,M,35,10,98
Kellen Sherlock,M,18,15,23
Kristien Coughan,F,50,4,273
Bab Wilstead,F,45,7,436
Erv Chinnock,M,25,0,23
Burr Braundt,M,1,7,282
Bria Sturmey,F,1,18,987
Ronnie Cogman,M,25,3,610
Sumner Tacker,M,50,13,631
Orazio Guillou,M,50,0,396
Aigneis Corgenvin,F,35,18,208
Hillary Percifull,M,25,5,943
Karlik Lorans,M,45,9,380
Cad Clague,M,56,1,641
Maryjane Chittim,F,45,2,224
Scotty Carlsen,M,35,9,127
Rani Clearie,F,35,19,22
Yank Staner,M,25,8,161
Elnar Martschik,M,1,11,923
Brook Harmant,F,18,13,280
Randal Colbourne,M,1,2,786
Neron Hadcock,M,56,3,704
Aubrey Coppin,F,45,18,421
Sid Magauran,M,35,4,680
Brandon Gourlay,M,18,13,907
Deerdre Dominguez,F,50,11,68
Patti Tansey,F,35,8,56
Boote Powter,M,18,7,221
Corrine Zecchini,F,56,16,452
Cesya Cromer,F,56,10,794
