Name,Gender,Age,Occupation,ZIP-code
Asia Thoma,F,35,2,811
Llywellyn Demkowicz,M,35,3,834
Crista Castelli,F,18,4,501
Simonette De Atta,F,25,15,544
Gaylord Gault,M,18,20,240
Elvis Ubank,M,35,2,325
Oralee Oles,F,1,15,110
Lezley Conelly,M,50,12,905
Abby Gilyatt,M,25,12,605
Terri-jo Crace,F,45,20,452
Silvain Bembridge,M,25,4,191
Beauregard Espinel,M,35,15,547
Godfrey Sigart,M,18,17,977
Haskel Valois,M,25,19,547
Kimble Jurasz,M,35,12,945
Ddene Mercer,F,1,7,984
Ladonna Sircombe,F,35,7,29
Letizia Port,F,35,1,22
Gardie McGowran,M,56,18,630
Tandie Pardey,F,25,5,26
Moore Siberry,M,45,13,485
Twila Lorrimer,F,1,4,631
Maureene Adame,F,50,19,598
Alard Popov,M,1,17,442
Timmy Kneebone,M,45,2,88
Rachelle Sorrell,F,50,6,200
Rogerio Medina,M,1,12,215
Herrick Winfindale,M,25,0,173
Genevra Hawler,F,25,3,895
Carley Reiner,F,56,8,76
Aube Drinkale,M,25,2,307
Willetta Abarough,F,35,7,77
Mavra Cowl,F,50,7,777
Wileen Silbersak,F,50,3,150
Fabiano Durant,M,35,8,396
Roy Quinnette,M,1,4,474
Charlton Guile,M,35,9,674
Ruthanne Dutson,F,25,3,945
Nerte Hawney,F,25,7,279
Alden Davidovics,M,18,18,971
Damien Rothermel,M,45,20,590
Pasquale Cassells,M,45,20,551
Erv Ewebank,M,18,20,525
Zelma Esby,F,18,13,674
Brion Youd,M,25,2,41
Beale Saxby,M,25,7,54
Myrna Foister,F,1,3,895
Malissa Bartkiewicz,F,50,13,660
Gillie Colmer,F,18,4,230
Traver Rysom,M,56,17,294
