Name,Gender,Age,Occupation,ZIP-code
Phineas Cahalin,M,50,0,549
Jesus Pre,M,25,2,780
Loralyn Cowey,F,25,7,105
Rozina Porkiss,F,35,16,31
Edouard MacNeish,M,45,14,847
Corney Langthorn,M,50,12,22
Frederica Sadgrove,F,25,7,486
Moishe Westman,M,1,4,843
Filmore Baser,M,56,7,294
Chen Mendus,M,35,4,933
Nikolai McOwan,M,25,7,421
Emmanuel Spalton,M,45,0,236
Dario Brundrett,M,56,0,483
Leia Dillistone,F,35,13,551
Sibeal Pilbeam,F,35,12,971
Courtnay McDonnell,M,25,4,15
Brittany Zupone,F,25,17,805
Jo ann Genge,F,35,7,969
Berkie Lathaye,M,18,14,452
Berke Ogan,M,50,15,109
Birch Goodwill,M,18,9,627
Corine Altoft,F,25,20,334
Martin Llop,M,25,4,540
Xenos Montilla,M,18,1,301
Daveen Hasluck,F,25,0,226
Freeman Longega,M,25,2,919
Sadella Rubinsaft,F,35,4,756
Shane Duxfield,M,25,15,235
Efren Bucky,M,35,9,727
Arvie Delos,M,1,4,220
Blaire Blinkhorn,F,18,11,132
Ki Wardroper,F,35,8,772
Vaclav Hedger,M,50,11,787
Elden Ramsbotham,M,18,11,770
Mayne Matusiak,M,50,17,956
Lothario Klewer,M,50,2,853
Lorraine D'eath,F,18,15,486
Bessie McGrae,F,50,4,625
Darrick Scamerden,M,25,15,273
Maude Burd,F,25,16,143
Yehudi Auten,M,45,17,68
Clerkclaude Brainsby,M,35,0,320
Alberto Duthy,M,56,1,435
Sky Peinke,M,35,4,946
Bibbie Jaynes,F,18,17,852
Giustina Esome,F,25,14,633
Hermon Sackett,M,25,6,141
Tuck Janusz,M,50,15,142
Samuel Merriton,M,25,11,370
Artemas Fidock,M,45,10,727
