Name,Gender,Age,Occupation,ZIP-code
Zed Duplock,M,18,15,338
Kristofer Trewman,M,25,7,287
Bevan Kilbane,M,18,20,128
Sheryl Sheals,F,50,11,98
Fae Monument,F,25,1,969
Hollyanne Flynn,F,35,3,276
Emmott Ashfull,M,18,14,606
Alfons Eddoes,M,45,20,301
Mario Fidilis,M,25,0,245
Stillmann Postlewhite,M,25,5,503
Kira Kieff,F,18,7,537
Damien Tivnan,M,25,11,811
Tonya Jost,F,56,15,493
Arturo Mapledoram,M,25,0,235
Lester Alywin,M,35,2,333
Christiane Southerns,F,56,2,997
Renee Giannassi,F,25,1,700
Vin Josupeit,M,50,13,10
Leonhard Pheby,M,56,9,797
Denice Crellin,F,35,8,794
Colan Attlee,M,18,20,480
Granger Batterson,M,18,15,609
Dill Ault,M,18,4,625
Augy Coppard,M,35,11,942
Kliment Potteridge,M,56,10,912
Ingelbert Preble,M,25,7,235
Deirdre Cranstone,F,25,9,89
Hanson Yakovitch,M,25,16,820
Martelle Spadazzi,F,50,20,535
Mabelle Denkel,F,25,20,65
Honey Rising,F,56,18,480
Jay Franzman,M,45,9,281
Thaddeus Wahncke,M,25,8,168
Allison Goodere,F,56,18,168
Helga Tebb,F,25,20,284
Burl Moryson,M,50,3,726
Kane Bullin,M,56,10,856
Alexander Phoebe,M,25,20,483
Nappy Mattinson,M,25,12,761
Zach Crenage,M,25,8,417
Noble Dunleavy,M,45,5,523
Richy Buckel,M,1,15,993
Walker Withams,M,35,18,90
Gifford Silburn,M,50,15,468
Zacharia Tolemache,M,56,7,551
Montgomery Vasin,M,50,11,466
Odey Ellul,M,25,0,731
Grete Cuncliffe,F,1,9,382
Daisie Callendar,F,25,1,63
Wash Edser,M,56,1,752
