Name,Gender,Age,Occupation,ZIP-code
Gillie Gewer,F,18,19,424
Arlinda Vigrass,F,50,0,447
Eustacia Keddey,F,45,4,773
Sasha Di Biasio,F,1,10,170
Berny Duthie,F,45,19,231
Cindelyn Haggish,F,45,11,88
Isabelle Chapiro,F,50,13,735
Malcolm Bruyett,M,35,9,334
Robinet Barock,F,18,17,520
Jerri Wooland,M,56,9,262
Ofelia Bateup,F,1,10,372
Alex Ovenell,F,35,15,920
Paulo McLean,M,56,19,140
Laney de Mendoza,F,56,1,550
Emilie Brusby,F,56,8,743
Izak Clethro,M,56,6,171
Archibaldo Sergison,M,56,16,606
Wenda Jenk,F,56,19,965
Tresa Fritche,F,50,11,262
Emmy Macallam,M,56,19,550
Sibella Batchan,F,25,5,83
Aldon Lammas,M,25,6,232
Daniel Cheyenne,M,18,6,490
Bridgette Bolam,F,25,8,105
Amandy Becket,F,45,11,782
Nona Doonican,F,25,2,28
Lynea Gayter,F,35,17,484
Mignonne Ashborne,F,35,13,144
Fairlie Normaville,M,56,20,629
Hilary Lyard,M,35,2,750
Constancia Speaks,F,35,3,800
Pepillo Dando,M,50,18,520
Hulda Van der Beek,F,45,16,50
Dreddy Ede,F,1,0,741
Monique Ainley,F,1,10,431
Alley Revens,M,45,2,80
Emery Benoist,M,56,8,441
Hilarius Hallad,M,50,18,88
Arny Ribbon,M,35,12,921
Gwyneth Medcalf,F,50,16,775
Rudy Luter,M,18,0,309
Noelle Clemencet,F,35,18,354
Gib Wisedale,M,45,19,27
Del Blitzer,F,45,20,531
Nellie Brunning,F,45,16,965
Carlynne Drust,F,35,13,240
Alexandro Emslie,M,18,12,161
Roddie Robins,M,56,19,56
Karly Dailly,F,18,20,431
Quint Tart,M,25,0,501
