Name,Gender,Age,Occupation,ZIP-code
Ximenes Huxtable,M,1,10,296
Catlaina Dobby,F,35,1,919
Audi Steggals,F,18,12,371
Yuma Methley,M,25,17,224
Rafael Cubley,M,1,1,495
Eolande Seeler,F,35,20,459
Boothe Compford,M,45,14,445
Fredi Leggate,F,25,5,431
Mandi Brundle,F,25,5,118
Daniella Tabb,F,18,0,65
Early Sodo,M,18,8,701
Davon Abramovicz,M,50,19,563
Kele Crosseland,M,35,15,18
Bruis Harmar,M,35,12,503
Devonne Stoddard,F,56,1,441
Craggy Whisby,M,25,7,525
Giorgia Forsdicke,F,45,4,701
Hunter Scraney,M,1,15,197
Blane Tuftin,M,50,7,354
Johnathan Cardall,M,18,6,402
Lindsay Strooband,M,35,5,144
Shoshana Snadden,F,25,13,440
Dion Whitrod,F,25,17,735
Rayshell Daveley,F,18,2,19
Katha Wadman,F,18,11,743
Melantha Ginger,F,1,10,180
Janel Ghelarducci,F,25,14,118
Felipe Dominelli,M,50,14,190
Cloe Sandeland,F,25,1,685
Viva Macken,F,45,6,941
Kirsteni Shaddick,F,35,4,226
Annemarie Doles,F,56,16,226
Rufus Meckiff,M,50,13,750
Rowen Broster,M,18,20,186
Laverna Bunner,F,35,9,170
Pammie Eplett,F,1,10,79
Andromache Catherick,F,18,1,641
Westbrooke Yude,M,25,12,857
Denver Whitmarsh,M,1,12,498
Marena Fautley,F,56,19,941
Gaultiero Cosker,M,18,18,625
Shana Sargint,F,50,7,109
Dukie Thormwell,M,50,19,777
Libby Cowdrey,F,35,9,958
Becca Autry,F,35,5,641
Dominica Petrishchev,F,56,19,655
Andonis Riediger,M,35,3,532
Marybeth Moar,F,35,5,110
Orbadiah Ceeley,M,45,4,988
Gaultiero Rettie,M,25,11,527
