Name,Gender,Age,Occupation,ZIP-code
Killie Juckes,M,56,13,811
Quinn Bendix,M,50,6,623
Dorette Mixture,F,56,18,605
Wallis Ashby,M,35,2,485
Darnell Kelley,M,45,1,914
Aigneis Killiner,F,45,12,486
Sharla Allardyce,F,25,7,809
Merilyn Birkwood,F,25,4,911
Rochette Reucastle,F,35,15,69
Stinky Water,M,18,19,142
Farley Raund,M,25,2,301
Lorelei Cade,F,56,6,952
Marnie Danniell,F,35,9,206
Candice Wardrop,F,35,18,878
Darren Derrington,M,1,9,704
Christoforo Pateman,M,50,3,433
Ardyth Garrard,F,50,18,761
Kelsey Besnardeau,M,1,3,376
Hertha Goldsmith,F,35,9,236
Tait Spurret,M,1,14,799
Clarisse Genn,F,45,1,105
Nester Murty,M,50,13,437
Jereme Augar,M,45,17,612
Hastie Baldin,M,56,3,12
Dallas Delgado,M,25,7,988
Torrey Barthorpe,M,18,13,843
Wilmer Ruffler,M,1,0,600
Mick Vaune,M,18,4,492
Lizzy Peerman,F,25,16,286
Talbert Howitt,M,25,3,941
Yank Romand,M,50,18,108
Creigh Matczak,M,18,4,503
Averil Treker,F,25,10,915
Nady Buxy,F,50,11,672
Delmar O' Finan,M,18,10,447
Haleigh Thebeau,F,56,9,853
Brice Ennals,M,50,18,142
Arleyne Arthur,F,45,1,616
Thor Cornewell,M,35,5,841
Brennen Mc Meekan,M,18,0,988
Karry Rawsen,F,25,11,296
Alyda Gutteridge,F,50,16,468
Allyce Wigzell,F,56,13,377
Chan Meriton,M,18,4,474
Lisbeth Jeannenet,F,18,1,330
Ralf Ashurst,M,45,11,605
Brocky Arnau,M,18,20,950
Wynn Yoodall,M,25,17,30
Aloin Scourge,M,56,0,372
Clementia Matous,F,35,7,396
