Name,Gender,Age,Occupation,ZIP-code
Andriana Lickorish,F,25,3,850
Nananne Willerstone,F,50,20,980
Calla Jesse,F,35,3,931
Avrom Skarr,M,45,18,778
Benedick Cresswell,M,50,13,446
Piotr Schechter,M,18,20,975
Herby Maydwell,M,25,11,501
Gabey Lawrie,F,18,10,919
Ardelis Goodliffe,F,1,19,786
Rania Reppaport,F,56,12,88
Lesya Tuvey,F,35,15,826
Stephie MacGaughie,F,35,5,841
Siegfried Whife,M,45,11,972
Arlinda Magrane,F,56,12,731
Davidde Maevela,M,25,16,559
Tracie Yarnley,F,25,3,313
Angus Wimmers,M,35,1,836
Esra Attenborrow,M,50,13,803
Jackie Blockley,F,25,0,705
Marmaduke Houlson,M,18,5,131
Emanuele Sidworth,M,56,10,726
Guglielma Stidever,F,45,15,45
Maudie Raphael,F,35,15,370
Nanette Ventris,F,18,20,463
Archy Pound,M,50,13,69
Loree Banck,F,18,16,560
Dalston Towl,M,35,0,950
Erie Halksworth,M,1,17,596
Peder Nerne,M,56,7,79
Tiena Roarty,F,56,19,946
Jerrold Farahar,M,45,6,326
Britteny Eary,F,25,7,558
Angelique Ansty,F,50,11,601
Uta Howick,F,1,13,726
Lorilee Bohling,F,25,7,786
Georgena McTerry,F,35,9,396
Tripp Abelevitz,M,35,11,870
Lissie Cromarty,F,1,13,445
Giacopo Calcott,M,56,18,77
Rubina Scroggie,F,1,13,105
Lilli Crum,F,25,13,333
Yancy Besnard,M,50,3,988
Janeen Coller,F,1,1,494
Nalani Duffin,F,50,3,984
Winne Patching,F,25,9,931
Russ Chuney,M,45,20,981
Cris Dougherty,M,35,20,265
Jermain Leveritt,M,35,2,100
Cchaddie Marzelle,M,18,6,301
Dehlia Blackston,F,25,17,947
