Name,Gender,Age,Occupation,ZIP-code
Marten Winsper,M,18,0,582
Renado Riteley,M,35,4,463
Keefe Blakemore,M,25,6,925
Cilka Klaassens,F,56,0,758
Gaby Marguerite,M,35,1,940
Horacio Eilert,M,25,11,65
Aylmer Gladdor,M,18,1,128
Elvyn Vinson,M,45,19,37
Scot Egginton,M,56,0,300
Hilde Abramcik,F,45,11,110
Regen McCotter,M,35,8,104
Victoir Carney,M,18,4,494
Rocky Paal,M,35,8,181
Judah Vineall,M,1,0,945
Cassandra Maliffe,F,50,17,752
Kimberly Yabsley,F,18,19,900
Chandra Keohane,F,25,17,89
Hogan Ost,M,45,1,292
Alexandra Neachell,F,18,12,930
Dede Pinshon,F,25,19,132
Dur Dowson,M,25,6,285
Verile Raikes,F,50,10,230
Guthry Tremolieres,M,18,12,16
Wallis Brunroth,M,25,9,430
Duane Orro,M,50,20,19
Felipe Ticic,M,45,3,549
Pooh McIsaac,M,35,19,402
Bathsheba Ketchell,F,25,16,911
Darbie Donativo,F,25,20,103
Kay Henrie,F,25,2,612
Gardy Spruce,M,25,1,902
Chrysler Freke,F,35,17,29
Chane Mursell,M,50,0,930
Thane Passy,M,56,15,680
Killy Stow,M,25,1,957
Fidel Jezard,M,45,1,602
Dunn Atherley,M,25,4,980
Parsifal Shadrach,M,18,12,967
Lou Richen,F,35,16,361
Early Stockill,M,18,8,977
Xenia Bispham,F,18,14,959
Maxy Reedman,M,35,5,132
Ange Muggach,M,25,17,90
Milzie Meldrum,F,56,15,919
Tamarah Clemas,F,25,12,104
Nikolos Astman,M,56,18,600
Mal Guerner,M,25,4,191
Pail Peirpoint,M,25,19,945
Giacobo Southernwood,M,18,11,601
Ingunna Fellnee,F,25,13,551
