Name,Gender,Age,Occupation,ZIP-code
Mitch Willshere,M,56,0,977
Pippo Pordall,M,56,3,535
Ric MacGuffie,M,45,16,327
Dionis Ginity,F,25,9,463
Constancy Swainger,F,50,14,454
Garrott Gavey,M,50,13,629
Patricio Archibald,M,18,9,764
Linell Miell,F,1,1,539
Ursulina Stansell,F,1,5,987
Ralina Snare,F,50,0,292
Letizia Bartels-Ellis,F,1,13,744
Cora McElwee,F,18,5,919
Shep Biford,M,18,5,50
Woodrow Espasa,M,45,3,843
Bogey Iddison,M,45,0,432
Freemon Jurges,M,25,4,917
Halsey Tanguy,M,25,20,489
Standford Paulich,M,1,9,461
Farly Morey,M,25,9,280
El Astie,M,18,18,362
Zebadiah Biesterfeld,M,18,19,940
Tyson Wellstood,M,25,3,804
Lennard Peasgood,M,35,5,758
Audy Horning,F,45,2,551
Brooks Batchan,F,25,2,934
Leif Haggarth,M,50,5,130
Lona Louedey,F,18,4,870
Isabeau Howett,F,25,5,658
Ashlan Gemnett,F,1,15,98
Bevvy Purdon,F,56,6,236
Kendal Lafuente,M,25,4,282
Joella Burchell,F,25,13,796
Torr Sawer,M,35,8,417
Chrissie Tripcony,F,50,19,488
Leo O'Bruen,M,25,15,303
Janella Bierman,F,45,20,279
Jodie Danilenko,F,18,2,934
Dot Hannent,F,25,16,522
Brucie Vaszoly,M,56,0,234
Wilone Johnikin,F,1,10,751
Aaren Drezzer,F,25,4,41
Christian Lude,M,1,15,276
Cecilius Succamore,M,1,1,633
Darcy Greiser,M,56,10,144
Moe Sumbler,M,45,4,837
Weston Janatka,M,18,3,277
Belvia Byforth,F,50,11,142
Morrie Duplan,M,1,7,895
Katalin Duerden,F,18,18,100
Stanly Janse,M,45,3,24
