Name,Gender,Age,Occupation,ZIP-code
Karisa Adger,F,35,6,362
Wilmette Crudgington,F,18,20,600
Nick Argent,M,45,16,600
Conway Glitherow,M,1,17,336
Larisa Daniau,F,25,12,175
Son Grammer,M,50,6,875
Isobel Mil,F,35,1,985
Aloin Espadas,M,45,14,459
Torrance Schuh,M,35,1,354
Kiel Bliben,M,18,14,701
Melloney Hattam,F,25,14,977
Neda Lawdham,F,1,1,377
Clem Overbury,F,25,4,111
Caresse Baldrey,F,50,3,863
Jillana Gilyott,F,1,17,847
Shandie Beddows,F,35,15,985
Flem Mounter,M,45,11,701
Welsh Carryer,M,35,3,85
Willi Chinge,M,25,3,958
Basile Brodie,M,18,4,462
Fraser Izchaki,M,1,1,434
Erv Clemente,M,18,13,201
Horatia Cullrford,F,50,13,947
Winnie Bachmann,M,35,20,813
Osmond Franzke,M,45,4,90
Rudolf Gorry,M,25,9,42
Desirae Greensides,F,50,8,244
Olly Heed,M,18,7,447
Ingra Zamboniari,M,18,2,605
Talbert Nelm,M,56,19,840
Jonell Joerning,F,45,2,433
Bendite Pickrell,F,35,19,30
Christiano Gammage,M,35,19,48
Angil Duesbury,F,35,1,974
Michell Reith,F,25,0,674
Randy Kittley,M,25,12,152
Matilda Adamides,F,35,17,424
Prescott Larman,M,56,8,212
Thom Barrell,M,25,7,967
Ilsa Parcell,F,35,9,127
Charlton Knevet,M,45,20,488
Lisle Quare,M,50,3,78
Sammy Bunce,F,25,7,590
Avram Marshallsay,M,18,9,201
Rorke Vasilkov,M,25,7,777
Abe Crosfield,M,1,1,319
Crystie Fowkes,F,35,19,520
Gabby Vigne,M,1,7,30
Marty Scaice,F,25,11,935
Mathian Ast,M,35,14,672
