Name,Gender,Age,Occupation,ZIP-code
Gunther Lankford,M,1,7,582
Eadmund Kleinsinger,M,25,7,772
Janean Edmands,F,45,4,604
Laurette Crowson,F,35,14,396
Hinda Bolley,F,25,1,40
Garfield Darco,M,35,1,495
Joelie Reihill,F,1,11,983
Sylvan Stritton,M,18,8,726
Silvano Cammish,M,18,9,325
Alexa Tardiff,F,25,16,947
Mathe Harmer,M,25,16,198
Ulberto Lowres,M,50,12,975
Miquela de Clercq,F,50,4,253
Klaus Barwick,M,35,8,462
Alastair Primo,M,50,0,498
Aymer Lorain,M,45,6,465
Jae Dunston,M,25,20,834
Waite Risom,M,56,0,462
Joyce Freschi,F,45,0,550
Hamish Le Fevre,M,18,20,830
Land Caze,M,45,1,793
Kati Tothacot,F,25,7,118
Robinson McCray,M,45,17,843
Marchelle MacMurray,F,56,7,530
Maryjo Beastall,F,18,0,927
Gwyneth Medcalf,F,50,13,975
Dulciana Shobrook,F,35,13,582
Peta Arnhold,F,25,4,196
Gilligan Sailes,F,25,4,847
Jeffrey Trahar,M,18,17,534
Worthy Hockey,M,18,9,377
Alejandra Coggell,F,1,14,336
Gabriello Osbourn,M,1,2,442
Godart Polino,M,25,11,910
Alessandro Aldersley,M,18,17,951
Vale Stradling,M,50,4,760
Dorine Lowery,F,25,3,358
Emmet Blankhorn,M,45,0,360
Nicolette Tomaszczyk,F,18,5,112
Georgie Seyers,M,25,19,280
Alford Tolefree,M,45,7,79
Gerick Griffith,M,25,8,582
Calli Garwill,F,25,11,571
Rowen Nekrews,M,35,7,560
Inger Rubinfeld,F,18,19,358
Aile Romke,F,35,8,801
Guthry Esilmon,M,1,6,143
Eydie Lambole,F,56,15,598
Georgia Keig,F,45,9,485
Moyna Brigman,F,1,9,944
