Name,Gender,Age,Occupation,ZIP-code
Suzanna Juszczyk,F,25,5,63
Norris Szwarc,M,25,6,826
Jemmy Klais,F,56,14,306
Milissent Itzkovwitch,F,25,12,360
Jesse Hast,M,45,3,380
Shanan Peregrine,M,25,0,24
Cissiee Lothlorien,F,35,7,618
Carl Petett,M,35,7,782
Ekaterina Kalkhoven,F,45,5,274
Helsa Glaserman,F,56,2,50
Barde Wrench,M,18,11,235
Lishe Jorin,F,50,16,111
Ray Lankham,M,18,8,274
Cchaddie Childs,M,25,0,744
Marcella Cantillion,F,35,16,820
Elisabetta Domoni,F,35,2,804
Anthony Dionis,M,25,0,782
Noellyn Renyard,F,25,6,88
Hewe Burhouse,M,1,17,980
Lulita Arney,F,18,2,113
Bellanca Gilyatt,F,35,14,751
Guy Linfitt,M,25,17,581
Ugo Pashe,M,45,2,524
Emlyn Sweeting,F,18,8,601
Marlo Halms,M,45,2,563
Ruby Esche,M,56,1,292
Talia Daout,F,1,19,312
Vasily Geeraert,M,45,4,173
Zonnya Moyler,F,18,16,132
Jacky Ianni,M,45,16,325
Olivette Orteu,F,25,4,474
Keefe Clawson,M,45,15,503
Dugald Kingscott,M,18,4,912
Frasier Chicotti,M,25,10,84
Myrtia Sidon,F,45,6,577
Brita Tivenan,F,1,13,29
Keith Proughten,M,45,6,524
Nerty Abberley,F,1,14,945
Darryl McLagan,F,50,16,799
Clayson Hantusch,M,25,3,322
Bartie Davenell,M,1,16,166
Mariana Garnam,F,50,12,462
Ingar Ryson,M,25,7,598
Brad Signoret,M,25,2,494
Rog Satcher,M,35,7,380
Shelden Wogan,M,45,14,274
Percy Camell,M,25,7,379
Isaiah Attaway,M,56,4,373
Brnaba Buer,M,25,0,944
Danielle Bonson,F,45,20,631
