Name,Gender,Age,Occupation,ZIP-code
Madelin Killik,F,25,19,495
Devlen Willbraham,M,18,0,277
Linnell Auchterlonie,F,18,1,602
Early Thurstance,M,1,4,971
Conrade McGourty,M,35,17,606
Conrade Dils,M,35,17,658
Laurent Parham,M,35,6,141
Loralee Arkwright,F,35,16,558
Cello Oldroyde,M,50,6,809
Tailor MacCostigan,M,25,15,495
Archibaldo Tokley,M,1,10,63
Devonne Dri,F,1,8,300
Fionnula Barthram,F,56,2,700
Urbano Stear,M,25,20,813
Conrado Sherland,M,35,17,235
Tades Pettengell,M,35,4,142
Aaron Faires,M,18,14,373
Jackqueline Vigneron,F,1,16,142
Vyky Ebenezer,F,56,17,114
Killie Connors,M,45,9,13
Wanids Gentric,F,50,19,446
Max Panchen,F,1,8,281
Onfre Sangwin,M,25,9,201
Gratia Beaney,F,35,15,261
Dalis Quinnell,M,56,12,735
Sunny Mozzini,M,35,1,150
Jill Ruckledge,F,18,2,380
Leonore Woolley,F,50,2,272
Christopher Cooke,M,18,17,450
Armando Dodimead,M,35,1,27
Harcourt Rainon,M,35,15,925
Baron Wallbank,M,25,2,700
Aldin Lochrie,M,56,17,198
Roman Kearney,M,56,13,765
Buck Poff,M,35,7,765
Farris Farncomb,M,1,11,118
Alphard Grammer,M,50,6,240
Aguistin Groven,M,35,17,559
Lucita Local,F,25,10,427
Kacey Bridgwater,F,56,19,358
Sibylle Carlens,F,35,18,735
Elva Frostdicke,F,35,8,498
Krishnah Eyles,M,18,16,373
Barrie Casement,M,1,11,275
Christyna Purchase,F,18,16,28
Worden Ariss,M,35,3,590
Bari Mohammad,F,25,3,610
Ludvig Hunday,M,1,17,292
Wheeler Mager,M,1,10,967
Rockie McLay,M,18,3,804
