Name,Gender,Age,Occupation,ZIP-code
Dionisio Leile,M,35,4,503
Zacharias Greenman,M,18,5,231
Buiron Hartas,M,50,9,322
Vassily Hugonneau,M,35,9,28
Emlynne Wernher,F,45,15,731
Krispin Vaen,M,56,5,285
Kerr Goldstraw,M,56,2,492
Tisha Le Estut,F,56,11,48
Antin McCathay,M,25,11,871
Lotti Hasell,F,18,17,380
Teddi Nisard,F,35,8,132
Collette Lenz,F,35,17,870
Marisa Carnier,F,45,7,554
Constancy Burnett,F,45,14,170
Arte Mougenel,M,35,5,969
Kayne Mayne,M,25,10,631
Scott Vondruska,M,18,2,358
Gavin Falconar,M,18,1,462
Mauricio Beacock,M,25,6,121
Murdock Pisculli,M,56,3,577
Trefor Eixenberger,M,35,7,53
Biron Tiner,M,18,16,229
Arvin Pionter,M,1,0,442
Karilynn Callender,F,25,4,339
Arther Rosnau,M,25,17,481
Obidiah Darlow,M,1,1,370
Nariko Ardling,F,45,3,956
Betteann Millsap,F,35,4,857
Maiga Kuhne,F,25,8,777
Nanon Worrill,F,35,13,919
Vally Clausson,F,18,8,782
Curry Kauble,M,45,12,234
Baxter Pallent,M,45,14,580
Griffy Antoinet,M,25,7,627
Van Westoll,M,18,7,997
Paten Trusler,M,25,18,939
Justino Eede,M,18,20,531
Benedetta Kearey,F,18,2,441
Sullivan Simony,M,45,0,857
Benjy Colin,M,56,2,275
Merle Edbrooke,M,35,15,473
Bernie Mayell,M,25,2,980
Forest Bech,M,18,20,605
Fanya Oakden,F,45,17,22
Tremayne Mulkerrins,M,35,16,984
Fina Oxtaby,F,18,11,127
Lilli Crum,F,1,14,361
Meryl Murkus,F,1,2,417
Gabriello MacElholm,M,45,15,469
Wayland Anear,M,50,20,66
