Name,Gender,Age,Occupation,ZIP-code
Corie Paireman,F,25,6,405
Brendon Rigden,M,25,4,140
Vicky Sanderson,F,25,14,16
Currey Mitchenson,M,45,1,108
Agnola Thornhill,F,56,17,29
Giacinta Castelletti,F,18,3,523
Tamas Flott,M,1,17,109
Crosby Kencott,M,18,2,928
Claire McGurk,M,56,16,157
Paula Gibby,F,18,4,323
Tonya Adamou,F,35,8,741
Stephana Jiri,F,45,2,54
Kare Simkovitz,F,18,14,923
Joelie Climo,F,50,9,959
Dylan Razoux,M,35,16,731
Patrick Sleit,M,25,4,27
Jory Hillitt,M,35,6,658
Chalmers Swale,M,45,13,981
Umberto Lestor,M,35,5,131
Aloysius Gundry,M,35,0,424
Karin Colls,F,25,2,127
Gilligan Bahike,F,45,9,582
Kalle Piercey,M,56,2,778
Izaak Mattersey,M,18,19,132
Westbrook Neagle,M,35,3,485
Corbie Braham,M,35,17,115
Olva Wattingham,F,50,17,503
Perice Grabeham,M,18,2,740
Lynelle Searchwell,F,25,16,109
Gwenneth De Roos,F,45,5,483
Waldon Hedge,M,45,2,226
Jillana Awton,F,25,17,488
Guthrey Laurant,M,35,7,681
Burl Reddell,M,50,3,331
Itch Aizlewood,M,18,0,895
Vito Scudders,M,56,6,6
Wayland Coils,M,45,4,770
Jed Weatherill,M,25,4,537
Georgie Reichartz,M,56,1,786
Doll Bravington,F,1,1,445
Carny Cashley,M,50,11,435
Keely Frankiewicz,F,25,5,346
Krishna Batho,M,25,17,772
Tedmund Gasparro,M,25,19,432
D'arcy Harness,M,18,2,194
Jimmy Renahan,M,45,14,314
Herve Birchenhead,M,56,5,705
Kin Eeles,M,1,16,497
Henrietta Kevis,F,1,18,908
Worthington Mariel,M,56,13,349
