Name,Gender,Age,Occupation,ZIP-code
Abramo Flanner,M,56,17,495
Rustie Sinyard,M,56,6,231
Courtnay Kleuer,F,45,19,201
Tulley Havick,M,25,12,307
Barthel Leddie,M,35,15,539
Barry Georgeon,F,25,20,22
Thornie MacNess,M,45,11,42
Vitoria Robillard,F,50,5,463
Abigael Casaletto,F,50,4,992
Haywood Gerding,M,18,7,29
Ring Delouch,M,50,19,939
Clywd Toye,M,56,17,462
Davidde Mc Caughen,M,25,7,190
Lexy Seedhouse,F,50,14,70
Magnum Gianuzzi,M,1,13,947
Cassondra Bortolazzi,F,35,20,581
Horten Joyson,M,35,0,708
Auria Slowly,F,45,4,190
Almira Rustman,F,25,9,60
Alasteir Stower,M,56,9,142
Jeffry Anders,M,25,19,362
Tricia Hartley,F,1,6,797
Aharon Burchett,M,56,1,307
Egbert Ivchenko,M,50,8,662
Eldridge Aprahamian,M,1,17,465
Anissa Turbard,F,35,12,433
Shem Vaskov,M,18,17,928
Brennen Lieber,M,45,11,708
Kippy Marmyon,M,18,19,522
Rhodia Harsnipe,F,25,14,454
Dori Watmore,F,1,0,977
Cassius Tolefree,M,56,17,105
Shalom Bilsford,M,18,7,970
Trula Kilborn,F,18,13,540
Amber Howgill,F,1,10,378
Max O'Beirne,F,35,9,410
Maria Gabbot,F,25,3,581
Miner Felderer,M,25,1,787
Pyotr O'Heyne,M,50,2,373
Cecilio Culshew,M,18,14,460
Sheilakathryn Pietzner,F,35,0,794
Kippie Annable,F,56,0,362
Phil MacFadyen,M,18,2,61
Katha Barstock,F,45,7,82
Danya Woolen,M,25,2,856
Frederich Rooke,M,18,8,809
Franciskus Petrelluzzi,M,18,3,88
Shane Edens,M,18,1,282
Brandy Ascrofte,M,1,20,142
Humberto Benois,M,25,12,943
