Name,Gender,Age,Occupation,ZIP-code
Bryn Salatino,M,35,5,750
Viviana Huffey,F,18,2,841
Jules Greg,M,56,17,294
Cynthea Alberti,F,25,1,70
Geno Astin,M,25,15,794
Hardy Linbohm,M,56,10,194
Doralynn Dominec,F,1,11,630
Renee Skea,F,45,2,313
Loren O' Quirk,M,1,4,925
Dara Thomelin,F,45,1,6
Galen Wegenen,M,25,14,489
Micah Creeghan,M,18,0,360
Lezley McDarmid,M,25,7,923
Leah Diloway,F,35,18,985
Gayler Krzysztof,M,25,6,797
Bentley Cammiemile,M,50,1,952
Constantin Beardwell,M,18,14,971
Auria Mary,F,25,4,103
Nicko Tidder,M,45,6,590
Rodolfo Doncom,M,35,8,761
Cirilo Swalough,M,56,5,37
Gustaf Perillo,M,1,7,503
Saraann Dunlop,F,25,14,149
Alfi Hollyman,F,50,15,975
Chrysler Hoofe,F,35,0,633
Brena Diviney,F,35,18,790
Robby Greetham,M,50,16,971
Maxim Sibray,M,18,17,118
Even Hugonet,M,18,0,926
Allin Giff,M,50,12,629
Chris Ozelton,M,35,18,40
Adham Kenzie,M,1,15,484
Hoebart Kyndred,M,45,19,750
Gardiner Jeannel,M,25,2,379
Filberte Pardey,M,25,12,231
Friedrick Campagne,M,25,17,15
Joey Muino,F,18,11,232
Conrade Peartree,M,25,9,805
Randee Gawthorpe,F,1,11,685
Eddy Bloxsome,M,45,5,437
Melisse Simonaitis,F,50,20,74
Udall Keyson,M,50,19,63
Ashby Comazzo,M,25,8,265
Gael Rodrigues,M,45,17,554
Nolly Akroyd,M,25,12,327
Hugo MacChaell,M,35,14,437
Karena Vasilkov,F,18,16,793
Ami Bathoe,F,56,1,287
Wolfy Whitcher,M,50,10,735
Carri Christofe,F,50,10,297
