Name,Gender,Age,Occupation,ZIP-code
Ilaire Garett,M,50,17,109
Timofei Chastenet,M,25,16,945
Jule Sahnow,M,45,1,282
Eldon Janusik,M,35,4,735
Chuck Caren,M,45,17,927
Hyman Eborn,M,35,5,26
Arney Yerborn,M,25,15,880
Bunni Ezzy,F,18,4,939
Brion Parsisson,M,56,11,45
Irita Blackett,F,35,7,282
Nick Garment,M,50,16,296
Maddy Starte,F,45,6,915
Steffane Hickin,F,25,17,157
Sherm Tyzack,M,50,20,603
Arny Blodgetts,M,35,4,841
Shari Benois,F,35,1,338
Rowan Espinoza,M,50,8,328
Rhianon Carlton,F,45,6,180
Jocko MacNockater,M,25,0,105
Worden Ashwin,M,25,8,236
Hansiain Last,M,25,17,501
Kermit Jenkins,M,25,12,430
Nathan Dary,M,18,8,77
Georges Tilberry,M,18,4,328
Clare Jain,F,35,1,830
Gabriello MacElholm,M,18,16,330
Shannon Edinborough,M,25,4,208
Sergeant Almak,M,45,20,811
Danit Robertazzi,F,35,12,497
Brice Gabbitus,M,25,8,658
Efrem Flaunders,M,56,9,937
Cahra Dunne,F,25,20,54
Gertruda Sabie,F,18,5,544
Sylvester Bartels-Ellis,M,18,0,230
Steward Royste,M,18,16,602
Sandro Gander,M,1,17,965
Kelli Haensel,F,25,2,928
Joni Burden,F,56,12,605
Mamie Foyster,F,35,16,461
Jakie Newborn,M,25,12,371
Danielle Petrovic,F,45,7,287
Cesya Cromer,F,56,18,931
Garvy Passler,M,25,4,235
Conny Tomkowicz,M,25,1,358
Bary Couper,M,35,14,132
Walker Karolovsky,M,56,4,584
Niall Kharchinski,M,18,13,105
Gaspar Tomasutti,M,1,7,165
Jocko Donizeau,M,1,17,537
Leighton Wheelhouse,M,35,18,240
