Name,Gender,Age,Occupation,ZIP-code
Yank Schiell,M,50,16,104
Prince Tibbotts,M,1,4,132
Martainn Mellem,M,50,12,971
Dorey Pittson,M,50,0,954
Dav Wakeling,M,50,10,146
Morgan Jamot,M,50,12,750
Blisse Tottem,F,1,10,919
Lynnell Brody,F,25,18,26
Brew Estoile,M,50,14,331
Niki Murden,F,45,1,23
Izzy Spratling,M,25,3,85
Natale Dudenie,M,35,4,975
Vickie Bartolomeazzi,F,18,12,914
Orsola Udall,F,50,4,919
Alberto Ryley,M,25,8,609
Rosamund Zanazzi,F,1,4,21
Saba Bouzek,F,18,16,799
Sarajane Radage,F,35,2,486
Elysha Teacy,F,50,20,190
D'arcy Cryer,M,50,20,577
Fonsie Woodstock,M,50,0,602
Darrick Drysdale,M,35,7,813
Eziechiele Ilyinski,M,18,7,62
Lyon Swyre,M,25,2,230
Lorilyn Wickardt,F,50,16,618
Alleyn Dacres,M,1,0,735
Barrie Ivanin,F,1,14,223
Rodrigo Geaves,M,1,4,598
Nadia Toal,F,1,4,48
Waite Dunmore,M,45,3,141
Gwenny Poore,F,25,19,181
Rhea Valentin,F,50,2,863
Margy Ollerhead,F,45,17,553
Ester Jurzyk,F,45,18,708
Batholomew Dourin,M,25,8,701
Gaile Faloon,M,25,2,850
Stearne Featherstonhaugh,M,25,16,982
Nisse Pates,F,1,17,430
Jackelyn Laxson,F,45,15,629
Vanda Barg,F,18,9,660
Benjamen Welman,M,35,20,56
Genni Honniebal,F,35,0,114
Cull Chipping,M,1,0,109
Donia Torritti,F,50,10,78
Judith Lumbers,F,25,12,993
Rodolfo Blindt,M,35,17,320
Tally Galley,F,1,14,314
Albertine Roscamps,F,56,2,442
Hilarius Wycliff,M,50,5,640
Mickey Knatt,M,1,20,103
