Name,Gender,Age,Occupation,ZIP-code
Arden Elmes,F,50,5,231
Nev Faulder,M,1,8,801
Byran Raxworthy,M,25,2,750
Marnie Sansum,F,35,7,801
Trever Yoell,M,56,16,280
Marna Rodder,F,45,19,346
Marigold Warmisham,F,35,2,339
Rand Croxall,M,1,16,606
Rodolfo Rivitt,M,35,20,925
Arthur Brettell,M,56,9,907
Tab Bowfin,M,56,8,655
Kain Lemerie,M,45,19,820
Ada Videan,F,1,10,6
Germain Moughton,F,56,19,800
Albertine Puddin,F,25,14,974
Ilario Dessent,M,45,12,856
Kym Feaver,F,45,3,857
Tonia Fawcett,F,50,14,601
Marje McIlhagga,F,25,5,905
Thaxter Leil,M,18,13,69
Niel Mum,M,18,20,805
Filberte Izhak,M,18,20,584
Tania Etheredge,F,45,19,50
Gareth Gothard,M,56,19,6
Shir Castro,F,25,1,297
Raimondo McSperron,M,45,3,833
Danella Eppson,F,50,17,525
Lionello MacFadzan,M,18,16,606
Glori Eytel,F,25,17,190
Waneta Sutheran,F,50,18,581
Karel Stickler,F,50,7,971
Collie Strank,F,1,19,927
Lanae Carass,F,1,3,970
Wat Gauden,M,25,2,65
Flory Rummer,F,56,16,275
Vyky Lawfull,F,1,10,108
Gennifer Matussow,F,35,5,144
Theresa Jeffries,F,56,19,834
Corny Gatecliffe,M,25,12,972
Nathanial Shann,M,45,11,805
Jerri Lyston,M,45,11,627
Kyrstin Westfalen,F,35,3,503
Fey Renon,F,18,8,157
Gilbertine Davidai,F,18,18,977
Philippe Bernhard,F,1,6,625
Dyann Milliken,F,1,2,752
Clyde Pomfrey,M,35,15,371
Jacinthe Kenny,F,50,14,276
Sigismond Dahmel,M,18,8,60
Zacherie Thunnercliff,M,18,1,623
