Name,Gender,Age,Occupation,ZIP-code
Florie Lintall,F,18,17,373
Ring Delouch,M,50,12,826
Christos Morkham,M,50,0,180
Wye Zanutti,M,18,12,307
De witt Kertess,M,35,17,452
Silvan Moakes,M,50,1,282
Laurianne Lorraway,F,56,4,285
Giulio Antonnikov,M,1,8,201
Gabriela Prewett,F,50,3,262
Byrann Verralls,M,18,0,33
Stinky Roark,M,35,15,12
Gerik Raffan,M,25,7,222
Judd Yewen,M,25,7,326
Iggy Firpi,M,35,18,358
Mitch Grewer,M,56,4,328
Thibaut Gillings,M,25,19,220
Alphard Antonchik,M,35,3,534
Laurens Fishly,M,25,15,380
Brana Ridde,F,45,17,16
Sammie Murtagh,M,25,15,907
Harman Ciotti,M,25,1,946
Cherrita Gration,F,45,8,850
Collie Davids,F,56,16,630
Harris Cayzer,M,1,19,89
Crosby Beacroft,M,35,12,280
Zechariah Matteini,M,18,4,582
Rubia Braniff,F,25,20,128
Eachelle Clench,F,18,8,325
Herminia Dalgleish,F,50,8,301
Amabelle Galle,F,25,11,230
Johny Spurr,M,35,12,436
Brose Desforges,M,25,9,49
Kathie O'Toole,F,56,7,313
Maurits McGinnell,M,45,15,952
Sibylla Orwell,F,56,4,10
Israel Fairnington,M,50,4,265
Andres Olensby,M,18,17,100
Cami Pring,F,18,5,915
Kendrick Arrault,M,25,12,432
Bruis Seamarke,M,18,11,370
Reamonn Elphinstone,M,56,19,453
Joseito Boarder,M,56,16,215
Neron Cristobal,M,50,4,970
Guntar Fairest,M,18,10,131
Hadley Rigolle,M,18,15,141
Anna-diane Carde,F,45,15,338
Albrecht Roskell,M,50,12,984
Peggy Foucher,F,35,13,906
Mollie Hounsom,F,50,17,837
Dwayne Shotton,M,50,6,54
