Name,Gender,Age,Occupation,ZIP-code
Howey Casserley,M,50,2,240
Olly O'Mannion,M,35,11,800
Niko Botright,M,1,4,630
Adolphe Shirlaw,M,35,18,17
Daisi Rosetti,F,1,20,940
Burton Posthill,M,50,8,79
Wrennie Stickells,F,50,12,56
Stanislaus Lude,M,45,2,571
Noell Abadam,F,18,7,435
Pietrek Haggeth,M,25,3,720
Orelie Dugall,F,25,15,441
Isidoro Crouch,M,18,15,273
Ciro Bernardos,M,56,20,54
Vin Redman,M,25,1,372
Samuele Chittenden,M,45,0,314
Bern Kunert,M,1,3,750
Ricky Gwyther,M,56,20,345
Leonard Bufton,M,18,6,720
Curran Marielle,M,25,7,483
Monty Riolfi,M,56,4,222
Westbrooke Searl,M,25,14,985
Elva Sinderland,F,18,2,606
Korella Skune,F,50,5,100
Hollis Buzine,M,35,14,26
Hildegarde Skone,F,25,12,457
Peder Hail,M,25,20,913
Skelly Bleakman,M,18,17,967
Whitby Squeers,M,18,12,148
Skell Ugoni,M,1,2,322
Hanny Knevit,F,18,2,373
Camey O'Caine,M,45,12,609
Griffie Tester,M,25,20,358
Ruby Anniwell,F,35,6,19
Caspar Rodenburg,M,56,12,53
Boonie Kamiyama,M,18,2,981
Arthur Johanchon,M,18,10,966
Ronny Dugue,M,50,12,915
Sascha Mougeot,F,35,10,380
Antoine Lockitt,M,35,12,17
Mateo Slyford,M,18,8,88
Hazel Joule,M,1,12,850
Morgana Warry,F,25,20,6
Gerianne Posselwhite,F,1,7,28
Denis Theodoris,M,35,14,917
Emerson Gilfoy,M,1,3,61
Mortimer Klug,M,50,2,970
Jaine Tash,F,18,5,924
Berkie Vallens,M,1,20,950
Derrick Etheridge,M,56,4,80
Cass Oldcroft,M,45,12,983
