Name,Gender,Age,Occupation,ZIP-code
Teddie Carcas,F,56,8,758
Normie Rabidge,M,25,12,430
Freddy Sallter,M,1,10,934
Reed Groneway,M,25,14,488
Delores Beverstock,F,18,19,911
Charlotte Pharrow,F,18,9,373
Darrel Pilley,M,25,8,276
Allen Robken,M,50,0,959
Sherm Slowly,M,18,2,171
Alexandro McGonagle,M,25,20,469
Fania Trett,F,25,11,382
Roseann Trinke,F,45,6,421
Donalt De Lascy,M,25,1,941
Uriel Langmead,M,35,9,968
Hannis Luety,F,45,3,474
Andrea Alexsandrov,F,50,15,170
Brady Shefton,M,25,5,559
Desmond Wabb,M,25,12,959
Teador Schroder,M,35,17,253
Towny Rodd,M,45,20,549
Jonathan Rowler,M,18,11,78
Carleen Erington,F,56,14,352
Rouvin Hodcroft,M,25,0,82
Hasheem Hryniewicz,M,56,2,547
Monti Daykin,M,25,19,981
Geordie Micallef,M,35,12,923
Benjy Stachini,M,56,7,235
Tommy Smullen,M,35,2,80
Nester Melwall,M,18,20,485
Gilberto Moorwood,M,56,9,857
Giorgia Ashmore,F,18,11,944
Richard Hemphill,M,45,6,82
Andreas Brunotti,M,45,7,173
Jamey Muckeen,M,35,0,558
Jayme Rowntree,M,18,3,625
Chrystal Sommerland,F,18,15,554
Otho Ravenscroft,M,25,16,631
Mayne Roebuck,M,25,0,127
Jerad Labrom,M,45,14,89
Jocko Twoohy,M,35,18,171
Pate Dundendale,M,56,20,307
Panchito Whartonby,M,18,3,346
Simonette Leith-Harvey,F,25,2,196
Salli Fishbourn,F,25,12,329
Orlando Oxe,M,50,18,959
Ardisj Holdin,F,50,11,312
Esmeralda Jedrzej,F,18,3,181
Arman Methley,M,18,7,756
Zorine Dalbey,F,35,15,136
Dominick Facer,M,35,18,80
