Name,Gender,Age,Occupation,ZIP-code
Aldwin Ivory,M,25,1,904
Wynne Whacket,F,50,6,114
Drusie Deering,F,50,20,597
Calypso McKeag,F,50,11,590
Olav Foskew,M,18,20,700
Merry Berrisford,F,35,13,84
Mildred Griffe,F,56,20,913
Lenette McAviy,F,35,3,62
Urbano Baldetti,M,35,1,857
Catriona Blenkinship,F,18,20,629
Jason Huddy,M,35,9,907
Levi Facey,M,35,16,853
Lelah Philimore,F,18,10,551
Bald Pydcock,M,45,3,443
Terry Arnecke,M,18,16,914
Nicolas Austen,M,25,19,991
Franzen Grieswood,M,25,17,550
Alaine Walak,F,25,0,800
Andres Feldklein,M,25,14,453
Andie Kryszka,M,50,0,741
Codi Sofe,M,18,8,613
Carroll Petkov,M,18,1,830
Bancroft Darley,M,45,11,123
Ivonne Crawshaw,F,45,6,967
Chevalier Divina,M,56,4,939
Ardelle Wood,F,45,0,336
Laura Bance,F,18,20,982
Reg Chesher,M,1,17,912
Carlie Stiggles,M,45,7,88
Genni Prinn,F,25,6,980
Frederique Chomicz,F,25,9,17
Mannie Witchell,M,35,12,447
Mercedes Wibberley,F,35,11,432
Mariann Middlemist,F,1,5,166
Merilee Mallinar,F,56,2,605
Randie Jelf,F,18,13,773
Violet Fadell,F,18,12,111
Leann Pavy,F,50,8,891
Gan Georges,M,25,0,197
Ranee Pirouet,F,25,0,900
Algernon Grieve,M,25,12,952
Ethe Castellani,M,35,7,421
Eden Losty,F,18,13,772
Emily Petzolt,F,56,7,522
Dore De Bruin,M,45,14,181
Regine Jorgensen,F,45,18,84
Byran Cumberpatch,M,35,17,830
Carroll Swindell,F,18,11,337
Claybourne Gedney,M,25,7,803
Malvina Kornel,F,1,5,600
