Name,Gender,Age,Occupation,ZIP-code
Demetrius Vaadeland,M,25,0,815
Poppy Lorence,F,35,7,616
Cecilius Griffen,M,35,8,581
Kaela Caltun,F,50,3,956
Berky Boyse,M,35,1,559
Montgomery Van Cassel,M,50,6,458
Farand Utting,F,25,0,89
Marylee Dowty,F,18,19,373
Audrey Hawsby,F,18,4,201
Boone Duckers,M,56,3,458
Barb Posen,F,50,3,850
Anastassia Hallede,F,25,12,432
Honey Zanolli,F,1,12,452
Woodman Noe,M,50,7,49
Timmi Putland,F,50,6,910
Giraldo Paunton,M,35,5,122
Isaac Kenlin,M,35,14,118
Emmy Claris,F,18,18,969
Nolana Hurndall,F,25,11,23
Arman Antonacci,M,35,17,923
Lyell Mapis,M,35,9,809
Sunny Marcinkus,F,18,4,891
Georg Elstub,M,25,15,346
Hendrick Ash,M,25,15,802
Orelee Calafato,F,25,0,841
Roseanna Sawney,F,25,3,148
Candace McAirt,F,1,19,544
Birch Double,M,18,16,603
Luke Fishley,M,25,13,480
Allan Grimbleby,M,18,13,601
Hill Harvard,M,25,16,24
Benton Dedman,M,56,8,380
Lazare Ferry,M,1,17,905
Jessie Wile,F,56,1,171
Chick Orton,M,1,4,778
Dorelle Jorgensen,F,45,10,15
Giffy Bohler,M,56,3,941
Carlin Woodford,F,50,18,956
Peder Presshaugh,M,35,5,197
Hughie Buxam,M,1,1,103
Alaric Dollimore,M,25,5,370
Wynnie Haggar,F,50,6,530
Ray Brettelle,F,45,1,421
Corbie Lutton,M,18,4,122
Nora Terzza,F,35,14,751
Crystie Fowkes,F,25,16,933
Elbert Lippatt,M,25,12,539
Deana Purkiss,F,25,1,606
Nan Spring,F,18,5,334
Dion Whitrod,F,45,2,228
