Name,Gender,Age,Occupation,ZIP-code
Fabiano McSaul,M,56,2,603
Holly Puvia,F,45,7,70
Byrom Westwater,M,18,4,17
Wolfy Vaulkhard,M,45,15,612
Appolonia Depka,F,25,13,801
Athena Moggach,F,45,11,836
Sandy Bate,F,45,10,590
Danya Bastie,F,45,8,557
Katerina Reisin,F,35,15,186
Aprilette Baines,F,25,17,598
Avis Goldberg,F,50,1,740
Burton Lineham,M,45,16,787
Brittany Oatley,F,25,1,904
Lorin Zorzutti,M,45,11,118
Corabelle Fermer,F,1,7,79
Marchelle Capoun,F,1,18,173
Briana Kiddie,F,50,17,633
Parnell McInnery,M,45,5,946
Wiatt Cruickshank,M,56,15,700
Samuele Tytler,M,18,0,109
Orv Andrichak,M,35,0,590
Bernie Lismore,M,35,15,971
Wrennie Ciccone,F,35,14,946
Freemon Chasles,M,35,19,524
Karel Petrolli,M,50,15,969
Claudelle Vidloc,F,35,0,743
Isidoro Eltringham,M,56,3,480
Sigismundo Jandak,M,50,7,371
Vernon Byatt,M,45,2,685
Clotilda Bourgourd,F,45,13,245
Orran Spilstead,M,25,7,437
Sax Reichardt,M,35,0,764
Dacey Clilverd,F,25,16,770
Benita Mallon,F,25,17,459
Shell Coldwell,F,45,2,54
Anabel Rudinger,F,18,7,441
Grata Tolliday,F,18,4,581
Curt Filipyev,M,35,2,220
Jeramey Witten,M,25,12,110
Linus Steuart,M,25,2,672
Effie Bernollet,F,50,3,777
Carolina Ginnally,F,18,0,973
Donal Lamacraft,M,45,11,380
Rafferty Eddis,M,25,1,98
Mark McLaggan,M,35,3,171
Barbara-anne Barti,F,50,8,605
Sarina D'Ambrogio,F,25,5,309
Ellswerth Firmage,M,50,14,282
Consuelo O'Drought,F,45,6,968
Charmion Ellams,F,45,19,680
