Name,Gender,Age,Occupation,ZIP-code
Thomasa Trass,F,18,12,26
Wendel Doale,M,25,17,780
Jilli Downage,F,35,16,405
Darrell Twell,M,56,0,905
Billy Fussen,F,35,7,170
Skell Matkin,M,50,1,520
Corri Phlipon,F,1,3,480
Kermit Klassmann,M,25,15,265
Becca Autry,F,50,20,501
Gideon Crunkhorn,M,25,4,361
Kearney Wethey,M,45,0,123
Forest Finnick,M,35,2,194
Linus Craven,M,18,15,38
Hervey Sansome,M,35,8,211
Liv Shermar,F,56,4,85
Yardley Bayston,M,1,4,944
Jedidiah Stredder,M,25,18,54
Barnett Hatch,M,18,14,338
Monah Tesdale,F,56,19,577
Poppy Gillivrie,F,1,14,726
Stuart Sieb,M,1,17,284
Harris Ronaldson,M,50,9,942
Morganica Baterip,F,50,8,346
Carri Klus,F,56,14,802
Gregorius Bessell,M,25,17,540
Lulita Warlaw,F,45,5,708
Homere Ridhole,M,25,13,212
Jay Jindra,M,35,14,857
Meredeth Kordova,M,18,14,597
Antin Linnemann,M,1,9,660
Tyrus Szymanek,M,56,1,441
Hallsy Dutnell,M,1,14,110
West Whittock,M,50,10,281
Willie Wynes,M,56,19,944
Porter Athy,M,25,17,934
Jania Devons,F,1,6,207
Corby Foxton,M,45,0,610
Hort Fairhall,M,56,3,109
Barnabe Doutch,M,1,7,148
Sylvester Venditto,M,56,3,319
Henri Buessen,M,25,5,432
Cathee Tollet,F,25,13,972
Alistair Auden,M,25,0,853
Alexandros Zannolli,M,1,4,136
Jareb Wilhelmy,M,25,8,539
Joy Andreaccio,F,45,3,180
Son Thornham,M,18,14,410
Shepperd Piatkow,M,25,9,985
Illa Kirkland,F,1,0,53
Mayer Retter,M,18,11,942
