Name,Gender,Age,Occupation,ZIP-code
Etienne Lovell,M,25,7,957
Julius Felipe,M,1,10,778
Jayne Winckle,F,50,18,772
Gaylor Spread,M,18,13,666
Jennifer Corse,F,25,4,197
Brok Gellibrand,M,45,0,19
Robinson Miranda,M,25,7,765
Harold Vaz,M,25,4,70
Hermann Sands-Allan,M,18,13,803
Thacher Coupland,M,45,11,200
Alano Farnie,M,35,17,313
Ansell Littlejohn,M,18,6,361
Kellie Deniscke,F,56,8,847
Christophe Netting,M,35,16,370
Dolph McCracken,M,50,14,445
Spenser Fuxman,M,56,6,921
Evangelia Olek,F,50,3,325
Niel Brittain,M,45,18,358
Daron Whitley,F,45,7,26
Sawyer Fellgate,M,18,7,466
Darbee Raigatt,M,50,0,338
Jo McCleverty,M,25,2,975
Rachelle Cettell,F,35,4,770
Mitchael Careless,M,35,20,181
Jacklin Chitson,F,25,8,436
Tremain Rosindill,M,25,17,852
Thorvald McKeney,M,18,12,904
Curcio Massen,M,1,20,275
Dudley Kurt,M,50,14,750
Tobi Sisse,F,25,12,70
Carrie Vaux,F,50,2,165
Leighton Greschik,M,25,14,50
Gerek Northcott,M,25,8,197
Marchelle Yukhnov,F,45,14,775
Lovell Helm,M,18,2,956
Sharon Fozard,F,25,7,666
Helena Fluit,F,25,17,982
Abran Dumberell,M,45,10,708
Frants Pellew,M,18,9,64
Heida Powlesland,F,50,15,489
Haroun Jansens,M,45,16,49
Myrwyn Heine,M,18,0,15
Cyrille Devers,M,25,4,81
Valera Packwood,F,35,7,171
Jard Beevens,M,50,15,457
Vic Budd,M,50,11,220
Fremont Sappy,M,45,5,284
Will Micco,M,1,2,224
Theodora Puddle,F,18,14,605
Danila Gimert,F,18,1,554
