Name,Gender,Age,Occupation,ZIP-code
Sacha Kabos,F,1,14,629
Vassily Coldrick,M,25,15,799
Nicol Klimpt,M,25,19,833
Samuel Cowmeadow,M,25,8,813
Normand Vergo,M,18,1,231
Amery Kenson,M,18,4,921
Bowie Marns,M,1,0,212
Noelle Volks,F,45,8,993
Gunilla Magnay,F,56,8,166
Lyndsey Dalgetty,F,35,5,919
Frans Beert,M,25,13,215
Solomon Ber,M,25,3,809
Beale Boughtflower,M,25,3,836
Lowe Balshen,M,25,2,297
Ly Edds,M,45,9,372
Rodrick Kettlestringe,M,56,1,349
Salome Syvret,F,50,0,396
Coleman Mulqueeny,M,35,0,42
Chevy Pleace,M,45,4,50
Philipa Yewdale,F,1,2,325
Stearne McLorinan,M,50,0,532
Aaron Cafferty,M,35,0,275
Bennie Graben,M,25,9,841
Janna Deniseau,F,45,8,376
Kirk Aronow,M,45,13,152
David Slany,M,18,14,200
Yulma Mazonowicz,M,25,20,655
Theresita Byne,F,18,0,700
Ulises Cartmail,M,56,13,206
Hillard Church,M,45,20,484
Domenico Ellard,M,35,13,923
Michale Inglese,M,35,13,41
Graeme Glisenan,M,25,1,777
Nonnah Riseborough,F,45,18,286
Brittani Benet,F,35,16,780
Harp Karlowicz,M,18,15,923
Fanechka Fearey,F,25,19,287
Dniren Worstall,F,25,17,809
Ruy Realph,M,35,4,433
Calv Zeale,M,35,9,949
Chicky Fruish,M,35,0,959
Antonetta Clempton,F,45,20,973
Ogdon Yokley,M,25,6,65
Nevsa Bickerton,F,45,0,630
Iggie Scarlet,M,35,14,959
Linnell Novacek,F,18,9,81
Binky McTaggart,M,18,14,406
Roddie Lindwasser,M,1,8,983
Alleen Roberto,F,45,5,741
Aleece Gommowe,F,35,0,15
