Name,Gender,Age,Occupation,ZIP-code
Salmon Bourner,M,18,11,27
Angus Boyde,M,25,12,282
Ricoriki Pengelley,M,1,8,997
Francklyn Linforth,M,50,20,968
Wait Regorz,M,50,10,30
Donna Resdale,F,25,8,540
Vernor Quakley,M,18,2,563
Lindy Astley,M,45,4,372
Clementia Russi,F,25,18,450
Harlin Ogborne,M,35,16,89
Jorgan Peschka,M,18,9,992
Nada Brugmann,F,18,16,527
Caralie O'Loughnan,F,25,8,136
Taffy Megany,F,35,6,782
Karen Parzis,F,35,20,914
Loraine Enrietto,F,25,1,906
Kennan Echalie,M,18,7,878
Rowena Harriday,F,25,7,463
Murdock Sieghard,M,1,0,701
Fredric Armfield,M,35,16,547
Freddie Mellenby,M,56,10,85
Timothee Cattrell,M,25,3,708
Merrielle Le Moucheux,F,25,4,660
Cody Peaurt,M,45,0,287
Marve Tomaskunas,M,25,0,820
Dodie Thirlaway,F,56,2,331
Mahalia Eslinger,F,18,7,760
Saleem Matusovsky,M,25,15,616
Brig Laherty,M,35,8,465
Sholom Ferrulli,M,35,19,804
Mei Porson,F,18,1,103
Dorella Vanichev,F,45,8,114
Andonis McKevitt,M,45,2,372
Janetta Gregorio,F,35,9,674
Cary Wessell,F,35,20,923
Jacques Jelliman,M,1,14,931
Mella Saltman,F,25,6,457
Raphael Locarno,M,25,19,705
Cherice Menure,F,56,2,539
Rivkah Genicke,F,56,16,382
Ulysses Pavelin,M,25,2,805
Hanan Houlahan,M,18,9,361
Antony Jobson,M,45,1,228
Ewart Fairbourn,M,35,8,975
Tudor Wreath,M,25,13,895
Rodney Barstowk,M,25,5,228
Vick Cluley,M,1,17,190
Petronia Wytchard,F,45,8,838
Laure Enochsson,F,35,9,975
Carmon Sutlieff,F,56,3,934
