Name,Gender,Age,Occupation,ZIP-code
Ash Loutheane,M,25,4,307
Mackenzie Maylam,M,18,2,379
Cobby Tribbeck,M,45,2,919
Mart Augustus,M,45,14,85
Adan Brellin,F,35,14,62
Valdemar Yurivtsev,M,25,16,376
Rhona Pickrell,F,1,4,841
Rayshell Jackalin,F,25,1,90
Ursulina Fieldstone,F,56,3,672
Greer Tett,F,18,5,674
Tadio Garnsworth,M,1,2,223
Brett Janaszewski,M,35,10,433
Baudoin Chmarny,M,1,19,469
Ade Molyneaux,M,1,16,796
Talia Frere,F,25,2,84
Alonzo Bellringer,M,35,20,321
Shel Jessen,F,35,5,970
Shannon Franciottoi,M,56,12,469
Iain McShirrie,M,45,4,975
Reuben Van Dijk,M,56,19,60
Eustacia Danilchev,F,45,20,431
Shaylyn Arthurs,F,25,15,319
Bert Cantor,M,35,20,157
Darrell Goddert.sf,M,35,13,830
Rose Bushell,F,25,12,801
Devin Silbert,M,25,13,535
Claudelle McKendry,F,35,16,33
Darrick Lemm,M,56,2,64
Benyamin Erley,M,45,18,301
Alma Rickeard,F,56,9,103
Demetris Farnworth,F,18,8,320
Denys Gilkison,M,35,3,79
Siward Vedekhov,M,18,10,802
Miller Dymock,M,56,10,751
Lilly McNay,F,35,9,21
Bob Farlamb,M,35,13,482
Lesley Sindell,M,45,17,927
Adriaens Feldon,F,35,14,904
Cindi Cicculini,F,18,16,186
Lance Leftwich,M,35,19,527
Stevena Avent,F,50,6,752
Ami Stanfield,F,1,14,580
Mariann Leacock,F,18,12,452
Daryl Grimwad,M,35,15,112
Ly Lock,M,35,13,988
Nathanil Gedling,M,18,16,77
Pieter Grabbam,M,1,0,437
Jessica Finding,F,25,12,236
Mario O'Duilleain,M,50,4,555
Berti Eliyahu,F,50,1,584
