Name,Gender,Age,Occupation,ZIP-code
Langsdon Maharry,M,50,14,453
Dorian Hofton,F,35,12,74
Langsdon Surridge,M,45,9,12
Alvinia McIlveen,F,50,8,132
Melessa Bridewell,F,45,19,296
Kliment Saker,M,18,5,991
Janeta Dablin,F,18,13,558
Darrick Sunnucks,M,50,9,547
Amble Carder,M,35,1,880
Suzette Branno,F,56,20,90
Erich Gudge,M,1,0,303
Lea Webburn,F,1,2,558
Nealon Christal,M,35,12,329
Ive Bristow,M,35,18,553
Aland Gurry,M,1,17,290
Delainey Bills,M,50,8,910
Gregoire Koop,M,18,4,122
Stephi Martinat,F,25,0,503
Tiffanie Gilpin,F,18,16,952
Ethelbert Alessandrucci,M,1,13,974
Dina Adshead,F,45,5,421
Brose Culvey,M,25,4,629
Cherish Kobierra,F,18,4,527
Brannon Barosch,M,18,11,773
Dannie Menchenton,F,18,16,54
Rosmunda Piola,F,25,13,49
Linn Llewelly,F,35,19,228
Jade Fleetwood,F,50,1,836
Inglebert Dunkersley,M,18,5,735
Palm Tine,M,50,19,235
Sharl Grzeszczyk,F,45,5,942
Christin Pagon,F,25,0,554
Tiler Cawkwell,M,18,12,275
Rorie Croney,F,35,11,468
Jakie Georgievski,M,45,9,61
Bernardo Jachimiak,M,56,12,520
Becca Chorlton,F,35,1,726
Inness Mawman,M,56,2,811
Donia Collymore,F,56,15,730
Ardelis Ondra,F,45,10,522
Xenos Kobpa,M,35,0,772
Leanna Archbould,F,18,10,720
Ruben Bergen,M,25,5,894
Darrel Sleeford,M,35,16,461
Carlynne Joncic,F,45,8,70
Micah Tidman,M,18,1,198
Dal Noirel,M,25,5,752
Kalina Diament,F,35,10,655
Madlen Edmondson,F,35,2,465
Winston Pothecary,M,25,0,113
