Name,Gender,Age,Occupation,ZIP-code
Alister Wroe,M,56,11,131
Amalie Liccardo,F,18,19,87
Toby Hamshaw,F,18,17,945
Antonino Philippet,M,35,4,920
Bryanty Crutch,M,50,7,190
Solomon Ber,M,35,4,186
Eustacia Colston,F,50,12,906
Omero Lympenie,M,25,15,445
Kelcey Spencley,F,50,17,947
Elisha Welman,M,45,13,54
Evelin Jentges,M,45,5,105
Leonard Copperwaite,M,1,0,857
Aeriell Eldredge,F,25,19,967
Cortney Karolczyk,F,35,9,262
Aubrie Writer,F,50,12,945
Ysabel Geharke,F,25,15,681
Binky Stapylton,M,50,12,465
Klemens Pechet,M,35,9,382
Leonelle Dominici,F,56,9,376
Bridgette Barlace,F,35,5,24
Reece Rawlins,M,25,12,215
Patrizio Scadding,M,56,15,815
Guillaume Ioan,M,45,20,21
Genia Bremner,F,1,4,601
Mercie Writer,F,50,2,926
Nata Reichelt,F,50,2,74
Alicea Tomashov,F,56,7,230
Rhodia Felderer,F,50,20,452
Ximenez Haitlie,M,1,12,90
Melvin Doddridge,M,45,0,141
Dollie Shallcroff,F,45,3,461
Boyd Willmore,M,35,15,284
Carmon Waylett,F,45,11,878
Freddy Garling,F,1,8,333
Dulcine Briar,F,35,4,326
Dimitri Benaine,M,50,17,210
Sloane Footitt,M,56,15,232
Erminie Broadey,F,50,17,527
Nikolaos Storch,M,25,7,465
Suzy Floch,F,50,17,282
Shepard McIlvenny,M,50,9,813
Aleta Mattiessen,F,1,15,322
Blancha Kopec,F,1,10,339
Maryjo de Savery,F,56,12,744
Carole Scrimgeour,F,25,0,843
Thomasina Johansson,F,18,17,201
Carolyn Griffith,F,25,8,943
Cesare Karpman,M,1,15,30
Bret Andrivot,M,50,6,201
Geri Ulyatt,F,56,11,440
