{
  "learner": {
    "attributes": {
      "scikit_learn": "{\"_estimator_type\": \"classifier\"}",
      "feature_names": "[\"GENDER\", \"AGE\", \"RACE\", \"ETHNICITY\", \"encounter_count\", \"num_procedures\", \"num_medications\", \"num_immunizations\", \"num_allergies\", \"num_devices\", \"asthma_flag\", \"stroke_flag\", \"obesity_flag\", \"depression_flag\", \"mean_systolic_bp\", \"mean_diastolic_bp\", \"mean_bmi\", \"mean_weight\"]",
      "feature_types": "[\"float\", \"float\", \"float\", \"float\", \"float\", \"float\", \"float\", \"float\", \"float\", \"float\", \"float\", \"float\", \"float\", \"float\", \"float\", \"float\", \"float\", \"float\"]",
      "target": "is_member",
      "xgboost_version": "3.0.4"
    },
    "feature_names": [
      "GENDER",
      "AGE",
      "RACE",
      "ETHNICITY",
      "encounter_count",
      "num_procedures",
      "num_medications",
      "num_immunizations",
      "num_allergies",
      "num_devices",
      "asthma_flag",
      "stroke_flag",
      "obesity_flag",
      "depression_flag",
      "mean_systolic_bp",
      "mean_diastolic_bp",
      "mean_bmi",
      "mean_weight"
    ],
    "feature_types": [
      "int",
      "int",
      "int",
      "int",
      "int",
      "int",
      "int",
      "int",
      "int",
      "int",
      "int",
      "int",
      "int",
      "int",
      "float",
      "float",
      "float",
      "float"
    ],
    "gradient_booster": {
      "model": {
        "gbtree_model_param": {
          "num_parallel_tree": "1",
          "num_trees": "10"
        },
        "iteration_indptr": [
          0,
          1,
          2,
          3,
          4,
          5,
          6,
          7,
          8,
          9,
          10
        ],
        "tree_info": [
          0,
          0,
          0,
          0,
          0,
          0,
          0,
          0,
          0,
          0
        ],
        "trees": [
          {
            "base_weights": [
              5.7206247e-08,
              0.07068994,
              -0.0272844,
              0.024850095,
              0.21718024,
              -0.046997227,
              0.12420573,
              0.0031499811,
              -0.08779011,
              0.027323192,
              -0.013090014,
              -0.0052238684,
              0.04552366,
              0.016067572,
              -0.06873285
            ],
            "categories": [],
            "categories_nodes": [],
            "categories_segments": [],
            "categories_sizes": [],
            "default_left": [
              0,
              0,
              0,
              0,
              0,
              0,
              0,
              0,
              0,
              0,
              0,
              0,
              0,
              0,
              0
            ],
            "id": 0,
            "left_children": [
              1,
              3,
              5,
              7,
              9,
              11,
              13,
              -1,
              -1,
              -1,
              -1,
              -1,
              -1,
              -1,
              -1
            ],
            "loss_changes": [
              7.7187853,
              7.4785624,
              8.628761,
              5.130228,
              5.2157927,
              6.7516227,
              9.958703,
              0.0,
              0.0,
              0.0,
              0.0,
              0.0,
              0.0,
              0.0,
              0.0
            ],
            "parents": [
              2147483647,
              0,
              0,
              1,
              1,
              2,
              2,
              3,
              3,
              4,
              4,
              5,
              5,
              6,
              6
            ],
            "right_children": [
              2,
              4,
              6,
              8,
              10,
              12,
              14,
              -1,
              -1,
              -1,
              -1,
              -1,
              -1,
              -1,
              -1
            ],
            "split_conditions": [
              6.0,
              84.1,
              136.0,
              249.0,
              32.68,
              40.0,
              56.3,
              0.0031499811,
              -0.08779011,
              0.027323192,
              -0.013090014,
              -0.0052238684,
              0.04552366,
              0.016067572,
              -0.06873285
            ],
            "split_indices": [
              6,
              17,
              14,
              5,
              16,
              9,
              16,
              0,
              0,
              0,
              0,
              0,
              0,
              0,
              0
            ],
            "split_type": [
              0,
              0,
              0,
              0,
              0,
              0,
              0,
              0,
              0,
              0,
              0,
              0,
              0,
              0,
              0
            ],
            "sum_hessian": [
              3999.994,
              1113.4983,
              2886.4956,
              848.99866,
              264.4996,
              2554.746,
              331.74948,
              843.7487,
              5.249992,
              227.99965,
              36.499943,
              2529.246,
              25.49996,
              318.2495,
              13.499979
            ],
            "tree_param": {
              "num_deleted": "0",
              "num_feature": "18",
              "num_nodes": "15",
              "size_leaf_vector": "1"
            }
          },
          {
            "base_weights": [
              -2.071286e-05,
              0.06356039,
              -0.02456099,
              0.037663363,
              0.2927715,
              -0.042282473,
              0.11163642,
              0.017987078,
              -0.0007210248,
              -0.021594018,
              0.04709693,
              -0.0020118668,
              -0.015096781,
              0.004183754,
              0.049198724
            ],
            "categories": [],
            "categories_nodes": [],
            "categories_segments": [],
            "categories_sizes": [],
            "default_left": [
              0,
              0,
              0,
              0,
              0,
              0,
              0,
              0,
              0,
              0,
              0,
              0,
              0,
              0,
              0
            ],
            "id": 1,
            "left_children": [
              1,
              3,
              5,
              7,
              9,
              11,
              13,
              -1,
              -1,
              -1,
              -1,
              -1,
              -1,
              -1,
              -1
            ],
            "loss_changes": [
              6.2441096,
              6.6042323,
              6.973853,
              6.3984,
              10.343913,
              6.1533403,
              8.812441,
              0.0,
              0.0,
              0.0,
              0.0,
              0.0,
              0.0,
              0.0,
              0.0
            ],
            "parents": [
              2147483647,
              0,
              0,
              1,
              1,
              2,
              2,
              3,
              3,
              4,
              4,
              5,
              5,
              6,
              6
            ],
            "right_children": [
              2,
              4,
              6,
              8,
              10,
              12,
              14,
              -1,
              -1,
              -1,
              -1,
              -1,
              -1,
              -1,
              -1
            ],
            "split_conditions": [
              6.0,
              93.31,
              136.0,
              109.08,
              4.0,
              128.5,
              51.0,
              0.017987078,
              -0.0007210248,
              -0.021594018,
              0.04709693,
              -0.0020118668,
              -0.015096781,
              0.004183754,
              0.049198724
            ],
            "split_indices": [
              6,
              17,
              14,
              14,
              2,
              14,
              6,
              0,
              0,
              0,
              0,
              0,
              0,
              0,
              0
            ],
            "split_type": [
              0,
              0,
              0,
              0,
              0,
              0,
              0,
              0,
              0,
              0,
              0,
              0,
              0,
              0,
              0
            ],
            "sum_hessian": [
              3999.8706,
              1113.4519,
              2886.4187,
              1001.46716,
              111.98473,
              2554.7004,
              331.71823,
              239.49223,
              761.9749,
              28.996094,
              82.98864,
              2122.9583,
              431.7421,
              281.2209,
              50.49737
            ],
            "tree_param": {
              "num_deleted": "0",
              "num_feature": "18",
              "num_nodes": "15",
              "size_leaf_vector": "1"
            }
          },
          {
            "base_weights": [
              1.6720271e-06,
              0.30458197,
              -0.004654175,
              0.9290933,
              0.15797609,
              -0.006354091,
              0.69986945,
              -0.066871226,
              0.11956944,
              -0.08930081,
              0.025628699,
              0.0037235057,
              -0.003093529,
              0.1077378,
              -0.016636671
            ],
            "categories": [],
            "categories_nodes": [],
            "categories_segments": [],
            "categories_sizes": [],
            "default_left": [
              0,
              0,
              0,
              0,
              0,
              0,
              0,
              0,
              0,
              0,
              0,
              0,
              0,
              0,
              0
            ],
            "id": 2,
            "left_children": [
              1,
              3,
              5,
              7,
              9,
              11,
              13,
              -1,
              -1,
              -1,
              -1,
              -1,
              -1,
              -1,
              -1
            ],
            "loss_changes": [
              5.674652,
              5.3694115,
              4.7247887,
              5.5916815,
              5.3949175,
              4.2151527,
              3.2845893,
              0.0,
              0.0,
              0.0,
              0.0,
              0.0,
              0.0,
              0.0,
              0.0
            ],
            "parents": [
              2147483647,
              0,
              0,
              1,
              1,
              2,
              2,
              3,
              3,
              4,
              4,
              5,
              5,
              6,
              6
            ],
            "right_children": [
              2,
              4,
              6,
              8,
              10,
              12,
              14,
              -1,
              -1,
              -1,
              -1,
              -1,
              -1,
              -1,
              -1
            ],
            "split_conditions": [
              10.0,
              72.36,
              55.0,
              66.83,
              73.89,
              88.0,
              93.31,
              -0.066871226,
              0.11956944,
              -0.08930081,
              0.025628699,
              0.0037235057,
              -0.003093529,
              0.1077378,
              -0.016636671
            ],
            "split_indices": [
              5,
              15,
              9,
              15,
              15,
              5,
              17,
              0,
              0,
              0,
              0,
              0,
              0,
              0,
              0
            ],
            "split_type": [
              0,
              0,
              0,
              0,
              0,
              0,
              0,
              0,
              0,
              0,
              0,
              0,
              0,
              0,
              0
            ],
            "sum_hessian": [
              3999.6472,
              59.24864,
              3940.3987,
              10.249688,
              48.998947,
              3931.9026,
              8.496144,
              1.2499783,
              8.99971,
              3.4999132,
              45.499035,
              1417.5991,
              2514.3035,
              5.7475824,
              2.748562
            ],
            "tree_param": {
              "num_deleted": "0",
              "num_feature": "18",
              "num_nodes": "15",
              "size_leaf_vector": "1"
            }
          },
          {
            "base_weights": [
              2.223499e-05,
              0.051768754,
              -0.02227645,
              0.05523639,
              -0.1154542,
              -0.016561722,
              -0.39222243,
              -0.006845469,
              0.00887565,
              -0.0018824263,
              0.064151086,
              -0.008470721,
              -0.08837518
            ],
            "categories": [],
            "categories_nodes": [],
            "categories_segments": [],
            "categories_sizes": [],
            "default_left": [
              0,
              0,
              0,
              0,
              0,
              0,
              0,
              0,
              0,
              0,
              0,
              0,
              0
            ],
            "id": 3,
            "left_children": [
              1,
              3,
              5,
              7,
              -1,
              9,
              11,
              -1,
              -1,
              -1,
              -1,
              -1,
              -1
            ],
            "loss_changes": [
              4.6172767,
              5.1045876,
              5.905629,
              4.992048,
              0.0,
              4.1139946,
              6.348693,
              0.0,
              0.0,
              0.0,
              0.0,
              0.0,
              0.0
            ],
            "parents": [
              2147483647,
              0,
              0,
              1,
              1,
              2,
              2,
              3,
              3,
              5,
              5,
              6,
              6
            ],
            "right_children": [
              2,
              4,
              6,
              8,
              -1,
              10,
              12,
              -1,
              -1,
              -1,
              -1,
              -1,
              -1
            ],
            "split_conditions": [
              76.0,
              147.55,
              21.0,
              2.0,
              -0.1154542,
              55.0,
              32.21,
              -0.006845469,
              0.00887565,
              -0.0018824263,
              0.064151086,
              -0.008470721,
              -0.08837518
            ],
            "split_indices": [
              5,
              14,
              7,
              2,
              0,
              9,
              17,
              0,
              0,
              0,
              0,
              0,
              0
            ],
            "split_type": [
              0,
              0,
              0,
              0,
              0,
              0,
              0,
              0,
              0,
              0,
              0,
              0,
              0
            ],
            "sum_hessian": [
              3999.5256,
              1204.0576,
              2795.468,
              1201.5579,
              2.4997652,
              2753.971,
              41.49709,
              255.97041,
              945.5874,
              2745.503,
              8.468004,
              26.24794,
              15.249149
            ],
            "tree_param": {
              "num_deleted": "0",
              "num_feature": "18",
              "num_nodes": "13",
              "size_leaf_vector": "1"
            }
          },
          {
            "base_weights": [
              -1.6822323e-05,
              0.26947272,
              -0.0041326215,
              0.8400119,
              0.13610743,
              -0.016027879,
              0.07849427,
              -0.06316207,
              0.10878753,
              -0.082801245,
              0.022639183,
              0.0062532383,
              -0.0030733414,
              -0.08839469,
              0.010111879
            ],
            "categories": [],
            "categories_nodes": [],
            "categories_segments": [],
            "categories_sizes": [],
            "default_left": [
              0,
              0,
              0,
              0,
              0,
              0,
              0,
              0,
              0,
              0,
              0,
              0,
              0,
              0,
              0
            ],
            "id": 4,
            "left_children": [
              1,
              3,
              5,
              7,
              9,
              11,
              13,
              -1,
              -1,
              -1,
              -1,
              -1,
              -1,
              -1,
              -1
            ],
            "loss_changes": [
              4.4381757,
              4.465677,
              3.87491,
              4.776455,
              4.538049,
              3.983008,
              10.892958,
              0.0,
              0.0,
              0.0,
              0.0,
              0.0,
              0.0,
              0.0,
              0.0
            ],
            "parents": [
              2147483647,
              0,
              0,
              1,
              1,
              2,
              2,
              3,
              3,
              4,
              4,
              5,
              5,
              6,
              6
            ],
            "right_children": [
              2,
              4,
              6,
              8,
              10,
              12,
              14,
              -1,
              -1,
              -1,
              -1,
              -1,
              -1,
              -1,
              -1
            ],
            "split_conditions": [
              10.0,
              72.36,
              89.71,
              66.83,
              73.89,
              2.0,
              14.0,
              -0.06316207,
              0.10878753,
              -0.082801245,
              0.022639183,
              0.0062532383,
              -0.0030733414,
              -0.08839469,
              0.010111879
            ],
            "split_indices": [
              5,
              15,
              15,
              15,
              15,
              9,
              4,
              0,
              0,
              0,
              0,
              0,
              0,
              0,
              0
            ],
            "split_type": [
              0,
              0,
              0,
              0,
              0,
              0,
              0,
              0,
              0,
              0,
              0,
              0,
              0,
              0,
              0
            ],
            "sum_hessian": [
              3999.363,
              59.19189,
              3940.1711,
              10.210898,
              48.98099,
              3445.02,
              495.15115,
              1.2487093,
              8.96219,
              3.4943812,
              45.48661,
              542.6752,
              2902.345,
              10.4980135,
              484.65314
            ],
            "tree_param": {
              "num_deleted": "0",
              "num_feature": "18",
              "num_nodes": "15",
              "size_leaf_vector": "1"
            }
          },
          {
            "base_weights": [
              -3.6685135e-05,
              0.04998368,
              -0.01933861,
              0.010172563,
              0.17729735,
              0.1898628,
              -0.02899264,
              -0.004708515,
              0.0104573695,
              0.04393279,
              0.011065825,
              0.021973068,
              -0.06754573,
              -0.009940728,
              -0.00014020699
            ],
            "categories": [],
            "categories_nodes": [],
            "categories_segments": [],
            "categories_sizes": [],
            "default_left": [
              0,
              0,
              0,
              0,
              0,
              0,
              0,
              0,
              0,
              0,
              0,
              0,
              0,
              0,
              0
            ],
            "id": 5,
            "left_children": [
              1,
              3,
              5,
              7,
              9,
              11,
              13,
              -1,
              -1,
              -1,
              -1,
              -1,
              -1,
              -1,
              -1
            ],
            "loss_changes": [
              3.86308,
              5.6448793,
              5.8363724,
              4.597982,
              4.5843477,
              3.4433293,
              5.363102,
              0.0,
              0.0,
              0.0,
              0.0,
              0.0,
              0.0,
              0.0,
              0.0
            ],
            "parents": [
              2147483647,
              0,
              0,
              1,
              1,
              2,
              2,
              3,
              3,
              4,
              4,
              5,
              5,
              6,
              6
            ],
            "right_children": [
              2,
              4,
              6,
              8,
              10,
              12,
              14,
              -1,
              -1,
              -1,
              -1,
              -1,
              -1,
              -1,
              -1
            ],
            "split_conditions": [
              6.0,
              84.1,
              21.42,
              39.77,
              107.67,
              142.75,
              110.4,
              -0.004708515,
              0.0104573695,
              0.04393279,
              0.011065825,
              0.021973068,
              -0.06754573,
              -0.009940728,
              -0.00014020699
            ],
            "split_indices": [
              6,
              17,
              16,
              16,
              14,
              14,
              14,
              0,
              0,
              0,
              0,
              0,
              0,
              0,
              0
            ],
            "split_type": [
              0,
              0,
              0,
              0,
              0,
              0,
              0,
              0,
              0,
              0,
              0,
              0,
              0,
              0,
              0
            ],
            "sum_hessian": [
              3999.1614,
              1113.0739,
              2886.0874,
              848.749,
              264.3248,
              126.48608,
              2759.6013,
              528.6219,
              320.12714,
              52.459003,
              211.86581,
              122.98706,
              3.4990199,
              776.1543,
              1983.4471
            ],
            "tree_param": {
              "num_deleted": "0",
              "num_feature": "18",
              "num_nodes": "15",
              "size_leaf_vector": "1"
            }
          },
          {
            "base_weights": [
              -3.1334785e-05,
              0.4621353,
              -0.0019733533,
              0.7541966,
              -0.5740273,
              0.24005078,
              -0.005675636,
              -0.0075310813,
              0.1143675,
              0.04153123,
              -0.12647627,
              0.05183198,
              0.0003585049,
              -0.00081587135,
              0.033193182
            ],
            "categories": [],
            "categories_nodes": [],
            "categories_segments": [],
            "categories_sizes": [],
            "default_left": [
              0,
              0,
              0,
              0,
              0,
              0,
              0,
              0,
              0,
              0,
              0,
              0,
              0,
              0,
              0
            ],
            "id": 6,
            "left_children": [
              1,
              3,
              5,
              7,
              9,
              11,
              13,
              -1,
              -1,
              -1,
              -1,
              -1,
              -1,
              -1,
              -1
            ],
            "loss_changes": [
              3.5909967,
              5.4993205,
              3.5713654,
              4.4452176,
              3.4289932,
              3.949607,
              3.2931743,
              0.0,
              0.0,
              0.0,
              0.0,
              0.0,
              0.0,
              0.0,
              0.0
            ],
            "parents": [
              2147483647,
              0,
              0,
              1,
              1,
              2,
              2,
              3,
              3,
              4,
              4,
              5,
              5,
              6,
              6
            ],
            "right_children": [
              2,
              4,
              6,
              8,
              10,
              12,
              14,
              -1,
              -1,
              -1,
              -1,
              -1,
              -1,
              -1,
              -1
            ],
            "split_conditions": [
              83.55,
              92.87,
              10.0,
              78.72,
              55.0,
              78.6,
              40.0,
              -0.0075310813,
              0.1143675,
              0.04153123,
              -0.12647627,
              0.05183198,
              0.0003585049,
              -0.00081587135,
              0.033193182
            ],
            "split_indices": [
              14,
              17,
              5,
              17,
              4,
              15,
              9,
              0,
              0,
              0,
              0,
              0,
              0,
              0,
              0
            ],
            "split_type": [
              0,
              0,
              0,
              0,
              0,
              0,
              0,
              0,
              0,
              0,
              0,
              0,
              0,
              0,
              0
            ],
            "sum_hessian": [
              3998.9336,
              15.741593,
              3983.1921,
              12.492485,
              3.249109,
              59.05167,
              3924.1404,
              4.2492046,
              8.24328,
              1.4997532,
              1.7493558,
              26.580374,
              32.4713,
              3896.458,
              27.682322
            ],
            "tree_param": {
              "num_deleted": "0",
              "num_feature": "18",
              "num_nodes": "15",
              "size_leaf_vector": "1"
            }
          },
          {
            "base_weights": [
              -9.2273046e-07,
              0.0018962213,
              -0.4384585,
              -0.008257378,
              0.08690823,
              -0.14534529,
              -1.1787527,
              0.006546048,
              -0.0027571174,
              0.0035900658,
              0.052848876,
              -0.08621326,
              0.030849403,
              -0.14477102,
              -0.023651158
            ],
            "categories": [],
            "categories_nodes": [],
            "categories_segments": [],
            "categories_sizes": [],
            "default_left": [
              0,
              0,
              0,
              0,
              0,
              0,
              0,
              0,
              0,
              0,
              0,
              0,
              0,
              0,
              0
            ],
            "id": 7,
            "left_children": [
              1,
              3,
              5,
              7,
              9,
              11,
              13,
              -1,
              -1,
              -1,
              -1,
              -1,
              -1,
              -1,
              -1
            ],
            "loss_changes": [
              3.3279176,
              3.439225,
              3.568764,
              5.069631,
              9.556119,
              4.6537046,
              0.8609009,
              0.0,
              0.0,
              0.0,
              0.0,
              0.0,
              0.0,
              0.0,
              0.0
            ],
            "parents": [
              2147483647,
              0,
              0,
              1,
              1,
              2,
              2,
              3,
              3,
              4,
              4,
              5,
              5,
              6,
              6
            ],
            "right_children": [
              2,
              4,
              6,
              8,
              10,
              12,
              14,
              -1,
              -1,
              -1,
              -1,
              -1,
              -1,
              -1,
              -1
            ],
            "split_conditions": [
              147.55,
              136.5,
              88.6,
              5.0,
              50.0,
              1.0,
              97.49,
              0.006546048,
              -0.0027571174,
              0.0035900658,
              0.052848876,
              -0.08621326,
              0.030849403,
              -0.14477102,
              -0.023651158
            ],
            "split_indices": [
              14,
              14,
              17,
              6,
              6,
              11,
              17,
              0,
              0,
              0,
              0,
              0,
              0,
              0,
              0
            ],
            "split_type": [
              0,
              0,
              0,
              0,
              0,
              0,
              0,
              0,
              0,
              0,
              0,
              0,
              0,
              0,
              0
            ],
            "sum_hessian": [
              3998.7808,
              3982.5444,
              16.236233,
              3558.4375,
              424.10706,
              12.488034,
              3.7481973,
              738.25183,
              2820.1855,
              381.16003,
              42.947018,
              4.4926944,
              7.9953403,
              2.498547,
              1.2496505
            ],
            "tree_param": {
              "num_deleted": "0",
              "num_feature": "18",
              "num_nodes": "15",
              "size_leaf_vector": "1"
            }
          },
          {
            "base_weights": [
              -4.134382e-05,
              0.4206126,
              -0.0018058547,
              0.6904369,
              -0.5356847,
              -0.012407233,
              0.07187084,
              -0.006699148,
              0.104665674,
              0.039201878,
              -0.118645325,
              0.006417577,
              -0.0028222448,
              -0.020769045,
              0.013920899
            ],
            "categories": [],
            "categories_nodes": [],
            "categories_segments": [],
            "categories_sizes": [],
            "default_left": [
              0,
              0,
              0,
              0,
              0,
              0,
              0,
              0,
              0,
              0,
              0,
              0,
              0,
              0,
              0
            ],
            "id": 8,
            "left_children": [
              1,
              3,
              5,
              7,
              9,
              11,
              13,
              -1,
              -1,
              -1,
              -1,
              -1,
              -1,
              -1,
              -1
            ],
            "loss_changes": [
              2.969383,
              4.6817923,
              3.1125286,
              3.7045503,
              3.0252168,
              4.220969,
              9.465389,
              0.0,
              0.0,
              0.0,
              0.0,
              0.0,
              0.0,
              0.0,
              0.0
            ],
            "parents": [
              2147483647,
              0,
              0,
              1,
              1,
              2,
              2,
              3,
              3,
              4,
              4,
              5,
              5,
              6,
              6
            ],
            "right_children": [
              2,
              4,
              6,
              8,
              10,
              12,
              14,
              -1,
              -1,
              -1,
              -1,
              -1,
              -1,
              -1,
              -1
            ],
            "split_conditions": [
              83.55,
              92.87,
              89.71,
              78.72,
              55.0,
              2.0,
              27.57,
              -0.006699148,
              0.104665674,
              0.039201878,
              -0.118645325,
              0.006417577,
              -0.0028222448,
              -0.020769045,
              0.013920899
            ],
            "split_indices": [
              14,
              17,
              15,
              17,
              4,
              9,
              16,
              0,
              0,
              0,
              0,
              0,
              0,
              0,
              0
            ],
            "split_type": [
              0,
              0,
              0,
              0,
              0,
              0,
              0,
              0,
              0,
              0,
              0,
              0,
              0,
              0,
              0
            ],
            "sum_hessian": [
              3998.5007,
              15.710843,
              3982.79,
              12.470294,
              3.2405484,
              3482.52,
              500.27002,
              4.2485538,
              8.221741,
              1.4999295,
              1.7406188,
              595.5574,
              2886.9626,
              96.70498,
              403.56503
            ],
            "tree_param": {
              "num_deleted": "0",
              "num_feature": "18",
              "num_nodes": "15",
              "size_leaf_vector": "1"
            }
          },
          {
            "base_weights": [
              -3.2762026e-05,
              -0.0013486824,
              0.5593403,
              0.00042950836,
              -0.4122103,
              -0.03024712,
              0.86686134,
              0.0038491,
              -0.0018387014,
              0.027210314,
              -0.06570939,
              0.12180016,
              0.0064079585
            ],
            "categories": [],
            "categories_nodes": [],
            "categories_segments": [],
            "categories_sizes": [],
            "default_left": [
              0,
              0,
              0,
              0,
              0,
              0,
              0,
              0,
              0,
              0,
              0,
              0,
              0
            ],
            "id": 9,
            "left_children": [
              1,
              3,
              5,
              7,
              9,
              -1,
              11,
              -1,
              -1,
              -1,
              -1,
              -1,
              -1
            ],
            "loss_changes": [
              2.944575,
              2.9158726,
              2.7504058,
              2.8473117,
              3.0609474,
              0.0,
              1.9453912,
              0.0,
              0.0,
              0.0,
              0.0,
              0.0,
              0.0
            ],
            "parents": [
              2147483647,
              0,
              0,
              1,
              1,
              2,
              2,
              3,
              3,
              4,
              4,
              6,
              6
            ],
            "right_children": [
              2,
              4,
              6,
              8,
              10,
              -1,
              12,
              -1,
              -1,
              -1,
              -1,
              -1,
              -1
            ],
            "split_conditions": [
              55.0,
              147.55,
              70.38,
              81.0,
              2.0,
              -0.03024712,
              93.31,
              0.0038491,
              -0.0018387014,
              0.027210314,
              -0.06570939,
              0.12180016,
              0.0064079585
            ],
            "split_indices": [
              9,
              14,
              15,
              5,
              2,
              0,
              17,
              0,
              0,
              0,
              0,
              0,
              0
            ],
            "split_type": [
              0,
              0,
              0,
              0,
              0,
              0,
              0,
              0,
              0,
              0,
              0,
              0,
              0
            ],
            "sum_hessian": [
              3998.2651,
              3989.8765,
              8.388562,
              3973.6777,
              16.198946,
              2.2104144,
              6.178148,
              1314.2358,
              2659.442,
              4.2398286,
              11.959117,
              3.9382944,
              2.2398534
            ],
            "tree_param": {
              "num_deleted": "0",
              "num_feature": "18",
              "num_nodes": "13",
              "size_leaf_vector": "1"
            }
          }
        ]
      },
      "name": "gbtree"
    },
    "learner_model_param": {
      "base_score": "4.99375E-1",
      "boost_from_average": "1",
      "num_class": "0",
      "num_feature": "18",
      "num_target": "1"
    },
    "objective": {
      "name": "binary:logistic",
      "reg_loss_param": {
        "scale_pos_weight": "1"
      }
    }
  },
  "version": [
    3,
    0,
    4
  ]
}