{"learner":{"attributes":{"best_iteration":"69","best_score":"0.03111430638679582","feature_names":"[\"AGE\", \"ETHNICITY_nonhispanic\", \"GENDER_M\", \"RACE_black\", \"RACE_hawaiian\", \"RACE_native\", \"RACE_other\", \"RACE_white\", \"asthma_flag\", \"depression_flag\", \"encounter_count\", \"mean_bmi\", \"mean_diastolic_bp\", \"mean_systolic_bp\", \"mean_weight\", \"num_allergies\", \"num_devices\", \"num_immunizations\", \"num_medications\", \"num_procedures\", \"obesity_flag\"]","target":"stroke_flag","xgboost_version":"3.0.4"},"feature_names":["AGE","ETHNICITY_nonhispanic","GENDER_M","RACE_black","RACE_hawaiian","RACE_native","RACE_other","RACE_white","asthma_flag","depression_flag","encounter_count","mean_bmi","mean_diastolic_bp","mean_systolic_bp","mean_weight","num_allergies","num_devices","num_immunizations","num_medications","num_procedures","obesity_flag"],"feature_types":["float","float","float","float","float","float","float","float","float","float","float","float","float","float","float","float","float","float","float","float","float"],"gradient_booster":{"model":{"gbtree_model_param":{"num_parallel_tree":"1","num_trees":"120"},"iteration_indptr":[0,1,2,3,4,5,6,7,8,9,10,11,12,13,14,15,16,17,18,19,20,21,22,23,24,25,26,27,28,29,30,31,32,33,34,35,36,37,38,39,40,41,42,43,44,45,46,47,48,49,50,51,52,53,54,55,56,57,58,59,60,61,62,63,64,65,66,67,68,69,70,71,72,73,74,75,76,77,78,79,80,81,82,83,84,85,86,87,88,89,90,91,92,93,94,95,96,97,98,99,100,101,102,103,104,105,106,107,108,109,110,111,112,113,114,115,116,117,118,119,120],"tree_info":[0,0,0,0,0,0,0,0,0,0,0,0,0,0,0,0,0,0,0,0,0,0,0,0,0,0,0,0,0,0,0,0,0,0,0,0,0,0,0,0,0,0,0,0,0,0,0,0,0,0,0,0,0,0,0,0,0,0,0,0,0,0,0,0,0,0,0,0,0,0,0,0,0,0,0,0,0,0,0,0,0,0,0,0,0,0,0,0,0,0,0,0,0,0,0,0,0,0,0,0,0,0,0,0,0,0,0,0,0,0,0,0,0,0,0,0,0,0,0,0],"trees":[{"base_weights":[7.7362314E-2],"categories":[],"categories_nodes":[],"categories_segments":[],"categories_sizes":[],"default_left":[0],"id":0,"left_children":[-1],"loss_changes":[0E0],"parents":[2147483647],"right_children":[-1],"split_conditions":[3.8681158E-3],"split_indices":[0],"split_type":[0],"sum_hessian":[1.783843E0],"tree_param":{"num_deleted":"0","num_feature":"21","num_nodes":"1","size_leaf_vector":"1"}},{"base_weights":[6.770133E-2],"categories":[],"categories_nodes":[],"categories_segments":[],"categories_sizes":[],"default_left":[0],"id":1,"left_children":[-1],"loss_changes":[0E0],"parents":[2147483647],"right_children":[-1],"split_conditions":[3.3850668E-3],"split_indices":[0],"split_type":[0],"sum_hessian":[1.8090189E0],"tree_param":{"num_deleted":"0","num_feature":"21","num_nodes":"1","size_leaf_vector":"1"}},{"base_weights":[6.554437E-2],"categories":[],"categories_nodes":[],"categories_segments":[],"categories_sizes":[],"default_left":[0],"id":2,"left_children":[-1],"loss_changes":[0E0],"parents":[2147483647],"right_children":[-1],"split_conditions":[3.2772184E-3],"split_indices":[0],"split_type":[0],"sum_hessian":[1.8147002E0],"tree_param":{"num_deleted":"0","num_feature":"21","num_nodes":"1","size_leaf_vector":"1"}},{"base_weights":[-2.9078245E-1],"categories":[],"categories_nodes":[],"categories_segments":[],"categories_sizes":[],"default_left":[0],"id":3,"left_children":[-1],"loss_changes":[0E0],"parents":[2147483647],"right_children":[-1],"split_conditions":[-1.4539123E-2],"split_indices":[0],"split_type":[0],"sum_hessian":[1.8188578E0],"tree_param":{"num_deleted":"0","num_feature":"21","num_nodes":"1","size_leaf_vector":"1"}},{"base_weights":[7.65304E-2],"categories":[],"categories_nodes":[],"categories_segments":[],"categories_sizes":[],"default_left":[0],"id":4,"left_children":[-1],"loss_changes":[0E0],"parents":[2147483647],"right_children":[-1],"split_conditions":[3.82652E-3],"split_indices":[0],"split_type":[0],"sum_hessian":[1.7859963E0],"tree_param":{"num_deleted":"0","num_feature":"21","num_nodes":"1","size_leaf_vector":"1"}},{"base_weights":[-2.8654978E-1],"categories":[],"categories_nodes":[],"categories_segments":[],"categories_sizes":[],"default_left":[0],"id":5,"left_children":[-1],"loss_changes":[0E0],"parents":[2147483647],"right_children":[-1],"split_conditions":[-1.4327489E-2],"split_indices":[0],"split_type":[0],"sum_hessian":[1.8021569E0],"tree_param":{"num_deleted":"0","num_feature":"21","num_nodes":"1","size_leaf_vector":"1"}},{"base_weights":[-2.7870908E-1],"categories":[],"categories_nodes":[],"categories_segments":[],"categories_sizes":[],"default_left":[0],"id":6,"left_children":[-1],"loss_changes":[0E0],"parents":[2147483647],"right_children":[-1],"split_conditions":[-1.3935454E-2],"split_indices":[0],"split_type":[0],"sum_hessian":[1.7717307E0],"tree_param":{"num_deleted":"0","num_feature":"21","num_nodes":"1","size_leaf_vector":"1"}},{"base_weights":[8.8143334E-2],"categories":[],"categories_nodes":[],"categories_segments":[],"categories_sizes":[],"default_left":[0],"id":7,"left_children":[-1],"loss_changes":[0E0],"parents":[2147483647],"right_children":[-1],"split_conditions":[4.407167E-3],"split_indices":[0],"split_type":[0],"sum_hessian":[1.7562929E0],"tree_param":{"num_deleted":"0","num_feature":"21","num_nodes":"1","size_leaf_vector":"1"}},{"base_weights":[-2.7805802E-1],"categories":[],"categories_nodes":[],"categories_segments":[],"categories_sizes":[],"default_left":[0],"id":8,"left_children":[-1],"loss_changes":[0E0],"parents":[2147483647],"right_children":[-1],"split_conditions":[-1.3902902E-2],"split_indices":[0],"split_type":[0],"sum_hessian":[1.769243E0],"tree_param":{"num_deleted":"0","num_feature":"21","num_nodes":"1","size_leaf_vector":"1"}},{"base_weights":[9.799061E-2],"categories":[],"categories_nodes":[],"categories_segments":[],"categories_sizes":[],"default_left":[0],"id":9,"left_children":[-1],"loss_changes":[0E0],"parents":[2147483647],"right_children":[-1],"split_conditions":[4.8995307E-3],"split_indices":[0],"split_type":[0],"sum_hessian":[1.7315893E0],"tree_param":{"num_deleted":"0","num_feature":"21","num_nodes":"1","size_leaf_vector":"1"}},{"base_weights":[9.7853325E-2],"categories":[],"categories_nodes":[],"categories_segments":[],"categories_sizes":[],"default_left":[0],"id":10,"left_children":[-1],"loss_changes":[0E0],"parents":[2147483647],"right_children":[-1],"split_conditions":[4.8926664E-3],"split_indices":[0],"split_type":[0],"sum_hessian":[1.7319274E0],"tree_param":{"num_deleted":"0","num_feature":"21","num_nodes":"1","size_leaf_vector":"1"}},{"base_weights":[-2.7377623E-1],"categories":[],"categories_nodes":[],"categories_segments":[],"categories_sizes":[],"default_left":[0],"id":11,"left_children":[-1],"loss_changes":[0E0],"parents":[2147483647],"right_children":[-1],"split_conditions":[-1.3688812E-2],"split_indices":[0],"split_type":[0],"sum_hessian":[1.7529296E0],"tree_param":{"num_deleted":"0","num_feature":"21","num_nodes":"1","size_leaf_vector":"1"}},{"base_weights":[1.0173716E-1],"categories":[],"categories_nodes":[],"categories_segments":[],"categories_sizes":[],"default_left":[0],"id":12,"left_children":[-1],"loss_changes":[0E0],"parents":[2147483647],"right_children":[-1],"split_conditions":[5.086858E-3],"split_indices":[0],"split_type":[0],"sum_hessian":[1.7223064E0],"tree_param":{"num_deleted":"0","num_feature":"21","num_nodes":"1","size_leaf_vector":"1"}},{"base_weights":[9.493374E-2],"categories":[],"categories_nodes":[],"categories_segments":[],"categories_sizes":[],"default_left":[0],"id":13,"left_children":[-1],"loss_changes":[0E0],"parents":[2147483647],"right_children":[-1],"split_conditions":[4.746687E-3],"split_indices":[0],"split_type":[0],"sum_hessian":[1.7392117E0],"tree_param":{"num_deleted":"0","num_feature":"21","num_nodes":"1","size_leaf_vector":"1"}},{"base_weights":[9.4720334E-2],"categories":[],"categories_nodes":[],"categories_segments":[],"categories_sizes":[],"default_left":[0],"id":14,"left_children":[-1],"loss_changes":[0E0],"parents":[2147483647],"right_children":[-1],"split_conditions":[4.736017E-3],"split_indices":[0],"split_type":[0],"sum_hessian":[1.7397423E0],"tree_param":{"num_deleted":"0","num_feature":"21","num_nodes":"1","size_leaf_vector":"1"}},{"base_weights":[8.71569E-2],"categories":[],"categories_nodes":[],"categories_segments":[],"categories_sizes":[],"default_left":[0],"id":15,"left_children":[-1],"loss_changes":[0E0],"parents":[2147483647],"right_children":[-1],"split_conditions":[4.357845E-3],"split_indices":[0],"split_type":[0],"sum_hessian":[1.7587918E0],"tree_param":{"num_deleted":"0","num_feature":"21","num_nodes":"1","size_leaf_vector":"1"}},{"base_weights":[9.236395E-2],"categories":[],"categories_nodes":[],"categories_segments":[],"categories_sizes":[],"default_left":[0],"id":16,"left_children":[-1],"loss_changes":[0E0],"parents":[2147483647],"right_children":[-1],"split_conditions":[4.6181977E-3],"split_indices":[0],"split_type":[0],"sum_hessian":[1.7456436E0],"tree_param":{"num_deleted":"0","num_feature":"21","num_nodes":"1","size_leaf_vector":"1"}},{"base_weights":[8.743703E-2],"categories":[],"categories_nodes":[],"categories_segments":[],"categories_sizes":[],"default_left":[0],"id":17,"left_children":[-1],"loss_changes":[0E0],"parents":[2147483647],"right_children":[-1],"split_conditions":[4.3718517E-3],"split_indices":[0],"split_type":[0],"sum_hessian":[1.7580752E0],"tree_param":{"num_deleted":"0","num_feature":"21","num_nodes":"1","size_leaf_vector":"1"}},{"base_weights":[7.758437E-2],"categories":[],"categories_nodes":[],"categories_segments":[],"categories_sizes":[],"default_left":[0],"id":18,"left_children":[-1],"loss_changes":[0E0],"parents":[2147483647],"right_children":[-1],"split_conditions":[3.8792186E-3],"split_indices":[0],"split_type":[0],"sum_hessian":[1.7832798E0],"tree_param":{"num_deleted":"0","num_feature":"21","num_nodes":"1","size_leaf_vector":"1"}},{"base_weights":[8.672155E-2],"categories":[],"categories_nodes":[],"categories_segments":[],"categories_sizes":[],"default_left":[0],"id":19,"left_children":[-1],"loss_changes":[0E0],"parents":[2147483647],"right_children":[-1],"split_conditions":[4.3360773E-3],"split_indices":[0],"split_type":[0],"sum_hessian":[1.7598844E0],"tree_param":{"num_deleted":"0","num_feature":"21","num_nodes":"1","size_leaf_vector":"1"}},{"base_weights":[7.7530496E-2],"categories":[],"categories_nodes":[],"categories_segments":[],"categories_sizes":[],"default_left":[0],"id":20,"left_children":[-1],"loss_changes":[0E0],"parents":[2147483647],"right_children":[-1],"split_conditions":[3.8765247E-3],"split_indices":[0],"split_type":[0],"sum_hessian":[1.7834127E0],"tree_param":{"num_deleted":"0","num_feature":"21","num_nodes":"1","size_leaf_vector":"1"}},{"base_weights":[-2.843203E-1],"categories":[],"categories_nodes":[],"categories_segments":[],"categories_sizes":[],"default_left":[0],"id":21,"left_children":[-1],"loss_changes":[0E0],"parents":[2147483647],"right_children":[-1],"split_conditions":[-1.4216015E-2],"split_indices":[0],"split_type":[0],"sum_hessian":[1.7934351E0],"tree_param":{"num_deleted":"0","num_feature":"21","num_nodes":"1","size_leaf_vector":"1"}},{"base_weights":[7.990028E-2],"categories":[],"categories_nodes":[],"categories_segments":[],"categories_sizes":[],"default_left":[0],"id":22,"left_children":[-1],"loss_changes":[0E0],"parents":[2147483647],"right_children":[-1],"split_conditions":[3.995014E-3],"split_indices":[0],"split_type":[0],"sum_hessian":[1.7773148E0],"tree_param":{"num_deleted":"0","num_feature":"21","num_nodes":"1","size_leaf_vector":"1"}},{"base_weights":[8.0887906E-2],"categories":[],"categories_nodes":[],"categories_segments":[],"categories_sizes":[],"default_left":[0],"id":23,"left_children":[-1],"loss_changes":[0E0],"parents":[2147483647],"right_children":[-1],"split_conditions":[4.0443954E-3],"split_indices":[0],"split_type":[0],"sum_hessian":[1.7747751E0],"tree_param":{"num_deleted":"0","num_feature":"21","num_nodes":"1","size_leaf_vector":"1"}},{"base_weights":[-2.8193372E-1],"categories":[],"categories_nodes":[],"categories_segments":[],"categories_sizes":[],"default_left":[0],"id":24,"left_children":[-1],"loss_changes":[0E0],"parents":[2147483647],"right_children":[-1],"split_conditions":[-1.4096687E-2],"split_indices":[0],"split_type":[0],"sum_hessian":[1.7841631E0],"tree_param":{"num_deleted":"0","num_feature":"21","num_nodes":"1","size_leaf_vector":"1"}},{"base_weights":[8.8532664E-2],"categories":[],"categories_nodes":[],"categories_segments":[],"categories_sizes":[],"default_left":[0],"id":25,"left_children":[-1],"loss_changes":[0E0],"parents":[2147483647],"right_children":[-1],"split_conditions":[4.4266335E-3],"split_indices":[0],"split_type":[0],"sum_hessian":[1.755303E0],"tree_param":{"num_deleted":"0","num_feature":"21","num_nodes":"1","size_leaf_vector":"1"}},{"base_weights":[8.5636586E-2],"categories":[],"categories_nodes":[],"categories_segments":[],"categories_sizes":[],"default_left":[0],"id":26,"left_children":[-1],"loss_changes":[0E0],"parents":[2147483647],"right_children":[-1],"split_conditions":[4.2818296E-3],"split_indices":[0],"split_type":[0],"sum_hessian":[1.7626472E0],"tree_param":{"num_deleted":"0","num_feature":"21","num_nodes":"1","size_leaf_vector":"1"}},{"base_weights":[7.959905E-2],"categories":[],"categories_nodes":[],"categories_segments":[],"categories_sizes":[],"default_left":[0],"id":27,"left_children":[-1],"loss_changes":[0E0],"parents":[2147483647],"right_children":[-1],"split_conditions":[3.9799525E-3],"split_indices":[0],"split_type":[0],"sum_hessian":[1.7780875E0],"tree_param":{"num_deleted":"0","num_feature":"21","num_nodes":"1","size_leaf_vector":"1"}},{"base_weights":[-2.8105795E-1],"categories":[],"categories_nodes":[],"categories_segments":[],"categories_sizes":[],"default_left":[0],"id":28,"left_children":[-1],"loss_changes":[0E0],"parents":[2147483647],"right_children":[-1],"split_conditions":[-1.4052898E-2],"split_indices":[0],"split_type":[0],"sum_hessian":[1.7807753E0],"tree_param":{"num_deleted":"0","num_feature":"21","num_nodes":"1","size_leaf_vector":"1"}},{"base_weights":[8.844986E-2],"categories":[],"categories_nodes":[],"categories_segments":[],"categories_sizes":[],"default_left":[0],"id":29,"left_children":[-1],"loss_changes":[0E0],"parents":[2147483647],"right_children":[-1],"split_conditions":[4.422493E-3],"split_indices":[0],"split_type":[0],"sum_hessian":[1.7555135E0],"tree_param":{"num_deleted":"0","num_feature":"21","num_nodes":"1","size_leaf_vector":"1"}},{"base_weights":[-2.7558878E-1],"categories":[],"categories_nodes":[],"categories_segments":[],"categories_sizes":[],"default_left":[0],"id":30,"left_children":[-1],"loss_changes":[0E0],"parents":[2147483647],"right_children":[-1],"split_conditions":[-1.3779439E-2],"split_indices":[0],"split_type":[0],"sum_hessian":[1.759804E0],"tree_param":{"num_deleted":"0","num_feature":"21","num_nodes":"1","size_leaf_vector":"1"}},{"base_weights":[9.16923E-2],"categories":[],"categories_nodes":[],"categories_segments":[],"categories_sizes":[],"default_left":[0],"id":31,"left_children":[-1],"loss_changes":[0E0],"parents":[2147483647],"right_children":[-1],"split_conditions":[4.584615E-3],"split_indices":[0],"split_type":[0],"sum_hessian":[1.7473391E0],"tree_param":{"num_deleted":"0","num_feature":"21","num_nodes":"1","size_leaf_vector":"1"}},{"base_weights":[9.4512805E-2],"categories":[],"categories_nodes":[],"categories_segments":[],"categories_sizes":[],"default_left":[0],"id":32,"left_children":[-1],"loss_changes":[0E0],"parents":[2147483647],"right_children":[-1],"split_conditions":[4.72564E-3],"split_indices":[0],"split_type":[0],"sum_hessian":[1.7402587E0],"tree_param":{"num_deleted":"0","num_feature":"21","num_nodes":"1","size_leaf_vector":"1"}},{"base_weights":[8.5066326E-2],"categories":[],"categories_nodes":[],"categories_segments":[],"categories_sizes":[],"default_left":[0],"id":33,"left_children":[-1],"loss_changes":[0E0],"parents":[2147483647],"right_children":[-1],"split_conditions":[4.253316E-3],"split_indices":[0],"split_type":[0],"sum_hessian":[1.7641025E0],"tree_param":{"num_deleted":"0","num_feature":"21","num_nodes":"1","size_leaf_vector":"1"}},{"base_weights":[8.6219646E-2],"categories":[],"categories_nodes":[],"categories_segments":[],"categories_sizes":[],"default_left":[0],"id":34,"left_children":[-1],"loss_changes":[0E0],"parents":[2147483647],"right_children":[-1],"split_conditions":[4.3109823E-3],"split_indices":[0],"split_type":[0],"sum_hessian":[1.7611657E0],"tree_param":{"num_deleted":"0","num_feature":"21","num_nodes":"1","size_leaf_vector":"1"}},{"base_weights":[7.931277E-2],"categories":[],"categories_nodes":[],"categories_segments":[],"categories_sizes":[],"default_left":[0],"id":35,"left_children":[-1],"loss_changes":[0E0],"parents":[2147483647],"right_children":[-1],"split_conditions":[3.9656386E-3],"split_indices":[0],"split_type":[0],"sum_hessian":[1.7788253E0],"tree_param":{"num_deleted":"0","num_feature":"21","num_nodes":"1","size_leaf_vector":"1"}},{"base_weights":[7.844453E-2],"categories":[],"categories_nodes":[],"categories_segments":[],"categories_sizes":[],"default_left":[0],"id":36,"left_children":[-1],"loss_changes":[0E0],"parents":[2147483647],"right_children":[-1],"split_conditions":[3.922227E-3],"split_indices":[0],"split_type":[0],"sum_hessian":[1.7810585E0],"tree_param":{"num_deleted":"0","num_feature":"21","num_nodes":"1","size_leaf_vector":"1"}},{"base_weights":[8.2413E-2],"categories":[],"categories_nodes":[],"categories_segments":[],"categories_sizes":[],"default_left":[0],"id":37,"left_children":[-1],"loss_changes":[0E0],"parents":[2147483647],"right_children":[-1],"split_conditions":[4.1206502E-3],"split_indices":[0],"split_type":[0],"sum_hessian":[1.7708635E0],"tree_param":{"num_deleted":"0","num_feature":"21","num_nodes":"1","size_leaf_vector":"1"}},{"base_weights":[7.579246E-2],"categories":[],"categories_nodes":[],"categories_segments":[],"categories_sizes":[],"default_left":[0],"id":38,"left_children":[-1],"loss_changes":[0E0],"parents":[2147483647],"right_children":[-1],"split_conditions":[3.789623E-3],"split_indices":[0],"split_type":[0],"sum_hessian":[1.7879058E0],"tree_param":{"num_deleted":"0","num_feature":"21","num_nodes":"1","size_leaf_vector":"1"}},{"base_weights":[7.901351E-2],"categories":[],"categories_nodes":[],"categories_segments":[],"categories_sizes":[],"default_left":[0],"id":39,"left_children":[-1],"loss_changes":[0E0],"parents":[2147483647],"right_children":[-1],"split_conditions":[3.9506755E-3],"split_indices":[0],"split_type":[0],"sum_hessian":[1.7795842E0],"tree_param":{"num_deleted":"0","num_feature":"21","num_nodes":"1","size_leaf_vector":"1"}},{"base_weights":[6.587578E-2],"categories":[],"categories_nodes":[],"categories_segments":[],"categories_sizes":[],"default_left":[0],"id":40,"left_children":[-1],"loss_changes":[0E0],"parents":[2147483647],"right_children":[-1],"split_conditions":[3.2937892E-3],"split_indices":[0],"split_type":[0],"sum_hessian":[1.8138272E0],"tree_param":{"num_deleted":"0","num_feature":"21","num_nodes":"1","size_leaf_vector":"1"}},{"base_weights":[6.734145E-2],"categories":[],"categories_nodes":[],"categories_segments":[],"categories_sizes":[],"default_left":[0],"id":41,"left_children":[-1],"loss_changes":[0E0],"parents":[2147483647],"right_children":[-1],"split_conditions":[3.3670724E-3],"split_indices":[0],"split_type":[0],"sum_hessian":[1.8099625E0],"tree_param":{"num_deleted":"0","num_feature":"21","num_nodes":"1","size_leaf_vector":"1"}},{"base_weights":[6.096664E-2],"categories":[],"categories_nodes":[],"categories_segments":[],"categories_sizes":[],"default_left":[0],"id":42,"left_children":[-1],"loss_changes":[0E0],"parents":[2147483647],"right_children":[-1],"split_conditions":[3.0483322E-3],"split_indices":[0],"split_type":[0],"sum_hessian":[1.8268363E0],"tree_param":{"num_deleted":"0","num_feature":"21","num_nodes":"1","size_leaf_vector":"1"}},{"base_weights":[-2.9169974E-1],"categories":[],"categories_nodes":[],"categories_segments":[],"categories_sizes":[],"default_left":[0],"id":43,"left_children":[-1],"loss_changes":[0E0],"parents":[2147483647],"right_children":[-1],"split_conditions":[-1.4584987E-2],"split_indices":[0],"split_type":[0],"sum_hessian":[1.8225013E0],"tree_param":{"num_deleted":"0","num_feature":"21","num_nodes":"1","size_leaf_vector":"1"}},{"base_weights":[7.279398E-2],"categories":[],"categories_nodes":[],"categories_segments":[],"categories_sizes":[],"default_left":[0],"id":44,"left_children":[-1],"loss_changes":[0E0],"parents":[2147483647],"right_children":[-1],"split_conditions":[3.6396992E-3],"split_indices":[0],"split_type":[0],"sum_hessian":[1.7956928E0],"tree_param":{"num_deleted":"0","num_feature":"21","num_nodes":"1","size_leaf_vector":"1"}},{"base_weights":[-2.832646E-1],"categories":[],"categories_nodes":[],"categories_segments":[],"categories_sizes":[],"default_left":[0],"id":45,"left_children":[-1],"loss_changes":[0E0],"parents":[2147483647],"right_children":[-1],"split_conditions":[-1.4163231E-2],"split_indices":[0],"split_type":[0],"sum_hessian":[1.7893169E0],"tree_param":{"num_deleted":"0","num_feature":"21","num_nodes":"1","size_leaf_vector":"1"}},{"base_weights":[7.39386E-2],"categories":[],"categories_nodes":[],"categories_segments":[],"categories_sizes":[],"default_left":[0],"id":46,"left_children":[-1],"loss_changes":[0E0],"parents":[2147483647],"right_children":[-1],"split_conditions":[3.6969301E-3],"split_indices":[0],"split_type":[0],"sum_hessian":[1.7927221E0],"tree_param":{"num_deleted":"0","num_feature":"21","num_nodes":"1","size_leaf_vector":"1"}},{"base_weights":[7.511743E-2],"categories":[],"categories_nodes":[],"categories_segments":[],"categories_sizes":[],"default_left":[0],"id":47,"left_children":[-1],"loss_changes":[0E0],"parents":[2147483647],"right_children":[-1],"split_conditions":[3.7558717E-3],"split_indices":[0],"split_type":[0],"sum_hessian":[1.7896584E0],"tree_param":{"num_deleted":"0","num_feature":"21","num_nodes":"1","size_leaf_vector":"1"}},{"base_weights":[7.371806E-2],"categories":[],"categories_nodes":[],"categories_segments":[],"categories_sizes":[],"default_left":[0],"id":48,"left_children":[-1],"loss_changes":[0E0],"parents":[2147483647],"right_children":[-1],"split_conditions":[3.6859033E-3],"split_indices":[0],"split_type":[0],"sum_hessian":[1.7932898E0],"tree_param":{"num_deleted":"0","num_feature":"21","num_nodes":"1","size_leaf_vector":"1"}},{"base_weights":[7.15188E-2],"categories":[],"categories_nodes":[],"categories_segments":[],"categories_sizes":[],"default_left":[0],"id":49,"left_children":[-1],"loss_changes":[0E0],"parents":[2147483647],"right_children":[-1],"split_conditions":[3.5759402E-3],"split_indices":[0],"split_type":[0],"sum_hessian":[1.799018E0],"tree_param":{"num_deleted":"0","num_feature":"21","num_nodes":"1","size_leaf_vector":"1"}},{"base_weights":[6.533264E-2],"categories":[],"categories_nodes":[],"categories_segments":[],"categories_sizes":[],"default_left":[0],"id":50,"left_children":[-1],"loss_changes":[0E0],"parents":[2147483647],"right_children":[-1],"split_conditions":[3.2666323E-3],"split_indices":[0],"split_type":[0],"sum_hessian":[1.8152617E0],"tree_param":{"num_deleted":"0","num_feature":"21","num_nodes":"1","size_leaf_vector":"1"}},{"base_weights":[7.192792E-2],"categories":[],"categories_nodes":[],"categories_segments":[],"categories_sizes":[],"default_left":[0],"id":51,"left_children":[-1],"loss_changes":[0E0],"parents":[2147483647],"right_children":[-1],"split_conditions":[3.596396E-3],"split_indices":[0],"split_type":[0],"sum_hessian":[1.797945E0],"tree_param":{"num_deleted":"0","num_feature":"21","num_nodes":"1","size_leaf_vector":"1"}},{"base_weights":[6.264772E-2],"categories":[],"categories_nodes":[],"categories_segments":[],"categories_sizes":[],"default_left":[0],"id":52,"left_children":[-1],"loss_changes":[0E0],"parents":[2147483647],"right_children":[-1],"split_conditions":[3.1323861E-3],"split_indices":[0],"split_type":[0],"sum_hessian":[1.8223667E0],"tree_param":{"num_deleted":"0","num_feature":"21","num_nodes":"1","size_leaf_vector":"1"}},{"base_weights":[5.8476936E-2],"categories":[],"categories_nodes":[],"categories_segments":[],"categories_sizes":[],"default_left":[0],"id":53,"left_children":[-1],"loss_changes":[0E0],"parents":[2147483647],"right_children":[-1],"split_conditions":[2.923847E-3],"split_indices":[0],"split_type":[0],"sum_hessian":[1.8334806E0],"tree_param":{"num_deleted":"0","num_feature":"21","num_nodes":"1","size_leaf_vector":"1"}},{"base_weights":[5.5803295E-2],"categories":[],"categories_nodes":[],"categories_segments":[],"categories_sizes":[],"default_left":[0],"id":54,"left_children":[-1],"loss_changes":[0E0],"parents":[2147483647],"right_children":[-1],"split_conditions":[2.790165E-3],"split_indices":[0],"split_type":[0],"sum_hessian":[1.8406506E0],"tree_param":{"num_deleted":"0","num_feature":"21","num_nodes":"1","size_leaf_vector":"1"}},{"base_weights":[5.8443893E-2],"categories":[],"categories_nodes":[],"categories_segments":[],"categories_sizes":[],"default_left":[0],"id":55,"left_children":[-1],"loss_changes":[0E0],"parents":[2147483647],"right_children":[-1],"split_conditions":[2.9221948E-3],"split_indices":[0],"split_type":[0],"sum_hessian":[1.8335646E0],"tree_param":{"num_deleted":"0","num_feature":"21","num_nodes":"1","size_leaf_vector":"1"}},{"base_weights":[5.7458747E-2],"categories":[],"categories_nodes":[],"categories_segments":[],"categories_sizes":[],"default_left":[0],"id":56,"left_children":[-1],"loss_changes":[0E0],"parents":[2147483647],"right_children":[-1],"split_conditions":[2.8729374E-3],"split_indices":[0],"split_type":[0],"sum_hessian":[1.836201E0],"tree_param":{"num_deleted":"0","num_feature":"21","num_nodes":"1","size_leaf_vector":"1"}},{"base_weights":[5.4140773E-2],"categories":[],"categories_nodes":[],"categories_segments":[],"categories_sizes":[],"default_left":[0],"id":57,"left_children":[-1],"loss_changes":[0E0],"parents":[2147483647],"right_children":[-1],"split_conditions":[2.7070388E-3],"split_indices":[0],"split_type":[0],"sum_hessian":[1.845122E0],"tree_param":{"num_deleted":"0","num_feature":"21","num_nodes":"1","size_leaf_vector":"1"}},{"base_weights":[5.3980194E-2],"categories":[],"categories_nodes":[],"categories_segments":[],"categories_sizes":[],"default_left":[0],"id":58,"left_children":[-1],"loss_changes":[0E0],"parents":[2147483647],"right_children":[-1],"split_conditions":[2.6990098E-3],"split_indices":[0],"split_type":[0],"sum_hessian":[1.845553E0],"tree_param":{"num_deleted":"0","num_feature":"21","num_nodes":"1","size_leaf_vector":"1"}},{"base_weights":[4.9942937E-2],"categories":[],"categories_nodes":[],"categories_segments":[],"categories_sizes":[],"default_left":[0],"id":59,"left_children":[-1],"loss_changes":[0E0],"parents":[2147483647],"right_children":[-1],"split_conditions":[2.4971468E-3],"split_indices":[0],"split_type":[0],"sum_hessian":[1.8564878E0],"tree_param":{"num_deleted":"0","num_feature":"21","num_nodes":"1","size_leaf_vector":"1"}},{"base_weights":[4.756714E-2],"categories":[],"categories_nodes":[],"categories_segments":[],"categories_sizes":[],"default_left":[0],"id":60,"left_children":[-1],"loss_changes":[0E0],"parents":[2147483647],"right_children":[-1],"split_conditions":[2.378357E-3],"split_indices":[0],"split_type":[0],"sum_hessian":[1.8629612E0],"tree_param":{"num_deleted":"0","num_feature":"21","num_nodes":"1","size_leaf_vector":"1"}},{"base_weights":[-3.0246636E-1],"categories":[],"categories_nodes":[],"categories_segments":[],"categories_sizes":[],"default_left":[0],"id":61,"left_children":[-1],"loss_changes":[0E0],"parents":[2147483647],"right_children":[-1],"split_conditions":[-1.5123318E-2],"split_indices":[0],"split_type":[0],"sum_hessian":[1.8660134E0],"tree_param":{"num_deleted":"0","num_feature":"21","num_nodes":"1","size_leaf_vector":"1"}},{"base_weights":[5.677731E-2],"categories":[],"categories_nodes":[],"categories_segments":[],"categories_sizes":[],"default_left":[0],"id":62,"left_children":[-1],"loss_changes":[0E0],"parents":[2147483647],"right_children":[-1],"split_conditions":[2.8388656E-3],"split_indices":[0],"split_type":[0],"sum_hessian":[1.8380307E0],"tree_param":{"num_deleted":"0","num_feature":"21","num_nodes":"1","size_leaf_vector":"1"}},{"base_weights":[5.9919637E-2],"categories":[],"categories_nodes":[],"categories_segments":[],"categories_sizes":[],"default_left":[0],"id":63,"left_children":[-1],"loss_changes":[0E0],"parents":[2147483647],"right_children":[-1],"split_conditions":[2.9959818E-3],"split_indices":[0],"split_type":[0],"sum_hessian":[1.829618E0],"tree_param":{"num_deleted":"0","num_feature":"21","num_nodes":"1","size_leaf_vector":"1"}},{"base_weights":[5.701729E-2],"categories":[],"categories_nodes":[],"categories_segments":[],"categories_sizes":[],"default_left":[0],"id":64,"left_children":[-1],"loss_changes":[0E0],"parents":[2147483647],"right_children":[-1],"split_conditions":[2.8508645E-3],"split_indices":[0],"split_type":[0],"sum_hessian":[1.8373818E0],"tree_param":{"num_deleted":"0","num_feature":"21","num_nodes":"1","size_leaf_vector":"1"}},{"base_weights":[4.6146773E-2],"categories":[],"categories_nodes":[],"categories_segments":[],"categories_sizes":[],"default_left":[0],"id":65,"left_children":[-1],"loss_changes":[0E0],"parents":[2147483647],"right_children":[-1],"split_conditions":[2.3073386E-3],"split_indices":[0],"split_type":[0],"sum_hessian":[1.8668498E0],"tree_param":{"num_deleted":"0","num_feature":"21","num_nodes":"1","size_leaf_vector":"1"}},{"base_weights":[4.2744335E-2],"categories":[],"categories_nodes":[],"categories_segments":[],"categories_sizes":[],"default_left":[0],"id":66,"left_children":[-1],"loss_changes":[0E0],"parents":[2147483647],"right_children":[-1],"split_conditions":[2.1372167E-3],"split_indices":[0],"split_type":[0],"sum_hessian":[1.8761985E0],"tree_param":{"num_deleted":"0","num_feature":"21","num_nodes":"1","size_leaf_vector":"1"}},{"base_weights":[4.7640286E-2],"categories":[],"categories_nodes":[],"categories_segments":[],"categories_sizes":[],"default_left":[0],"id":67,"left_children":[-1],"loss_changes":[0E0],"parents":[2147483647],"right_children":[-1],"split_conditions":[2.3820144E-3],"split_indices":[0],"split_type":[0],"sum_hessian":[1.8627611E0],"tree_param":{"num_deleted":"0","num_feature":"21","num_nodes":"1","size_leaf_vector":"1"}},{"base_weights":[4.4507693E-2],"categories":[],"categories_nodes":[],"categories_segments":[],"categories_sizes":[],"default_left":[0],"id":68,"left_children":[-1],"loss_changes":[0E0],"parents":[2147483647],"right_children":[-1],"split_conditions":[2.2253848E-3],"split_indices":[0],"split_type":[0],"sum_hessian":[1.8713411E0],"tree_param":{"num_deleted":"0","num_feature":"21","num_nodes":"1","size_leaf_vector":"1"}},{"base_weights":[4.7701225E-2],"categories":[],"categories_nodes":[],"categories_segments":[],"categories_sizes":[],"default_left":[0],"id":69,"left_children":[-1],"loss_changes":[0E0],"parents":[2147483647],"right_children":[-1],"split_conditions":[2.3850612E-3],"split_indices":[0],"split_type":[0],"sum_hessian":[1.862591E0],"tree_param":{"num_deleted":"0","num_feature":"21","num_nodes":"1","size_leaf_vector":"1"}},{"base_weights":[-3.024914E-1],"categories":[],"categories_nodes":[],"categories_segments":[],"categories_sizes":[],"default_left":[0],"id":70,"left_children":[-1],"loss_changes":[0E0],"parents":[2147483647],"right_children":[-1],"split_conditions":[-1.512457E-2],"split_indices":[0],"split_type":[0],"sum_hessian":[1.86611E0],"tree_param":{"num_deleted":"0","num_feature":"21","num_nodes":"1","size_leaf_vector":"1"}},{"base_weights":[5.5724297E-2],"categories":[],"categories_nodes":[],"categories_segments":[],"categories_sizes":[],"default_left":[0],"id":71,"left_children":[-1],"loss_changes":[0E0],"parents":[2147483647],"right_children":[-1],"split_conditions":[2.786215E-3],"split_indices":[0],"split_type":[0],"sum_hessian":[1.8408562E0],"tree_param":{"num_deleted":"0","num_feature":"21","num_nodes":"1","size_leaf_vector":"1"}},{"base_weights":[5.196145E-2],"categories":[],"categories_nodes":[],"categories_segments":[],"categories_sizes":[],"default_left":[0],"id":72,"left_children":[-1],"loss_changes":[0E0],"parents":[2147483647],"right_children":[-1],"split_conditions":[2.5980726E-3],"split_indices":[0],"split_type":[0],"sum_hessian":[1.8510112E0],"tree_param":{"num_deleted":"0","num_feature":"21","num_nodes":"1","size_leaf_vector":"1"}},{"base_weights":[5.187492E-2],"categories":[],"categories_nodes":[],"categories_segments":[],"categories_sizes":[],"default_left":[0],"id":73,"left_children":[-1],"loss_changes":[0E0],"parents":[2147483647],"right_children":[-1],"split_conditions":[2.5937462E-3],"split_indices":[0],"split_type":[0],"sum_hessian":[1.8512434E0],"tree_param":{"num_deleted":"0","num_feature":"21","num_nodes":"1","size_leaf_vector":"1"}},{"base_weights":[4.959805E-2],"categories":[],"categories_nodes":[],"categories_segments":[],"categories_sizes":[],"default_left":[0],"id":74,"left_children":[-1],"loss_changes":[0E0],"parents":[2147483647],"right_children":[-1],"split_conditions":[2.4799025E-3],"split_indices":[0],"split_type":[0],"sum_hessian":[1.8574238E0],"tree_param":{"num_deleted":"0","num_feature":"21","num_nodes":"1","size_leaf_vector":"1"}},{"base_weights":[4.6055607E-2],"categories":[],"categories_nodes":[],"categories_segments":[],"categories_sizes":[],"default_left":[0],"id":75,"left_children":[-1],"loss_changes":[0E0],"parents":[2147483647],"right_children":[-1],"split_conditions":[2.3027805E-3],"split_indices":[0],"split_type":[0],"sum_hessian":[1.8670942E0],"tree_param":{"num_deleted":"0","num_feature":"21","num_nodes":"1","size_leaf_vector":"1"}},{"base_weights":[-3.0254188E-1],"categories":[],"categories_nodes":[],"categories_segments":[],"categories_sizes":[],"default_left":[0],"id":76,"left_children":[-1],"loss_changes":[0E0],"parents":[2147483647],"right_children":[-1],"split_conditions":[-1.5127094E-2],"split_indices":[0],"split_type":[0],"sum_hessian":[1.8663204E0],"tree_param":{"num_deleted":"0","num_feature":"21","num_nodes":"1","size_leaf_vector":"1"}},{"base_weights":[5.5483215E-2],"categories":[],"categories_nodes":[],"categories_segments":[],"categories_sizes":[],"default_left":[0],"id":77,"left_children":[-1],"loss_changes":[0E0],"parents":[2147483647],"right_children":[-1],"split_conditions":[2.7741608E-3],"split_indices":[0],"split_type":[0],"sum_hessian":[1.8415067E0],"tree_param":{"num_deleted":"0","num_feature":"21","num_nodes":"1","size_leaf_vector":"1"}},{"base_weights":[-2.9680666E-1],"categories":[],"categories_nodes":[],"categories_segments":[],"categories_sizes":[],"default_left":[0],"id":78,"left_children":[-1],"loss_changes":[0E0],"parents":[2147483647],"right_children":[-1],"split_conditions":[-1.4840334E-2],"split_indices":[0],"split_type":[0],"sum_hessian":[1.8429729E0],"tree_param":{"num_deleted":"0","num_feature":"21","num_nodes":"1","size_leaf_vector":"1"}},{"base_weights":[5.9027605E-2],"categories":[],"categories_nodes":[],"categories_segments":[],"categories_sizes":[],"default_left":[0],"id":79,"left_children":[-1],"loss_changes":[0E0],"parents":[2147483647],"right_children":[-1],"split_conditions":[2.9513803E-3],"split_indices":[0],"split_type":[0],"sum_hessian":[1.83201E0],"tree_param":{"num_deleted":"0","num_feature":"21","num_nodes":"1","size_leaf_vector":"1"}},{"base_weights":[6.1895404E-2],"categories":[],"categories_nodes":[],"categories_segments":[],"categories_sizes":[],"default_left":[0],"id":80,"left_children":[-1],"loss_changes":[0E0],"parents":[2147483647],"right_children":[-1],"split_conditions":[3.0947702E-3],"split_indices":[0],"split_type":[0],"sum_hessian":[1.8243629E0],"tree_param":{"num_deleted":"0","num_feature":"21","num_nodes":"1","size_leaf_vector":"1"}},{"base_weights":[-2.9380715E-1],"categories":[],"categories_nodes":[],"categories_segments":[],"categories_sizes":[],"default_left":[0],"id":81,"left_children":[-1],"loss_changes":[0E0],"parents":[2147483647],"right_children":[-1],"split_conditions":[-1.4690357E-2],"split_indices":[0],"split_type":[0],"sum_hessian":[1.8309155E0],"tree_param":{"num_deleted":"0","num_feature":"21","num_nodes":"1","size_leaf_vector":"1"}},{"base_weights":[6.7488484E-2],"categories":[],"categories_nodes":[],"categories_segments":[],"categories_sizes":[],"default_left":[0],"id":82,"left_children":[-1],"loss_changes":[0E0],"parents":[2147483647],"right_children":[-1],"split_conditions":[3.3744243E-3],"split_indices":[0],"split_type":[0],"sum_hessian":[1.8095796E0],"tree_param":{"num_deleted":"0","num_feature":"21","num_nodes":"1","size_leaf_vector":"1"}},{"base_weights":[5.8619034E-2],"categories":[],"categories_nodes":[],"categories_segments":[],"categories_sizes":[],"default_left":[0],"id":83,"left_children":[-1],"loss_changes":[0E0],"parents":[2147483647],"right_children":[-1],"split_conditions":[2.9309518E-3],"split_indices":[0],"split_type":[0],"sum_hessian":[1.8331068E0],"tree_param":{"num_deleted":"0","num_feature":"21","num_nodes":"1","size_leaf_vector":"1"}},{"base_weights":[6.671509E-2],"categories":[],"categories_nodes":[],"categories_segments":[],"categories_sizes":[],"default_left":[0],"id":84,"left_children":[-1],"loss_changes":[0E0],"parents":[2147483647],"right_children":[-1],"split_conditions":[3.3357546E-3],"split_indices":[0],"split_type":[0],"sum_hessian":[1.811611E0],"tree_param":{"num_deleted":"0","num_feature":"21","num_nodes":"1","size_leaf_vector":"1"}},{"base_weights":[6.595414E-2],"categories":[],"categories_nodes":[],"categories_segments":[],"categories_sizes":[],"default_left":[0],"id":85,"left_children":[-1],"loss_changes":[0E0],"parents":[2147483647],"right_children":[-1],"split_conditions":[3.297707E-3],"split_indices":[0],"split_type":[0],"sum_hessian":[1.8136148E0],"tree_param":{"num_deleted":"0","num_feature":"21","num_nodes":"1","size_leaf_vector":"1"}},{"base_weights":[6.0128182E-2],"categories":[],"categories_nodes":[],"categories_segments":[],"categories_sizes":[],"default_left":[0],"id":86,"left_children":[-1],"loss_changes":[0E0],"parents":[2147483647],"right_children":[-1],"split_conditions":[3.0064092E-3],"split_indices":[0],"split_type":[0],"sum_hessian":[1.829068E0],"tree_param":{"num_deleted":"0","num_feature":"21","num_nodes":"1","size_leaf_vector":"1"}},{"base_weights":[5.7730958E-2],"categories":[],"categories_nodes":[],"categories_segments":[],"categories_sizes":[],"default_left":[0],"id":87,"left_children":[-1],"loss_changes":[0E0],"parents":[2147483647],"right_children":[-1],"split_conditions":[2.886548E-3],"split_indices":[0],"split_type":[0],"sum_hessian":[1.8354746E0],"tree_param":{"num_deleted":"0","num_feature":"21","num_nodes":"1","size_leaf_vector":"1"}},{"base_weights":[5.7106007E-2],"categories":[],"categories_nodes":[],"categories_segments":[],"categories_sizes":[],"default_left":[0],"id":88,"left_children":[-1],"loss_changes":[0E0],"parents":[2147483647],"right_children":[-1],"split_conditions":[2.8553004E-3],"split_indices":[0],"split_type":[0],"sum_hessian":[1.837148E0],"tree_param":{"num_deleted":"0","num_feature":"21","num_nodes":"1","size_leaf_vector":"1"}},{"base_weights":[5.1617276E-2],"categories":[],"categories_nodes":[],"categories_segments":[],"categories_sizes":[],"default_left":[0],"id":89,"left_children":[-1],"loss_changes":[0E0],"parents":[2147483647],"right_children":[-1],"split_conditions":[2.580864E-3],"split_indices":[0],"split_type":[0],"sum_hessian":[1.8519472E0],"tree_param":{"num_deleted":"0","num_feature":"21","num_nodes":"1","size_leaf_vector":"1"}},{"base_weights":[5.0023433E-2],"categories":[],"categories_nodes":[],"categories_segments":[],"categories_sizes":[],"default_left":[0],"id":90,"left_children":[-1],"loss_changes":[0E0],"parents":[2147483647],"right_children":[-1],"split_conditions":[2.5011718E-3],"split_indices":[0],"split_type":[0],"sum_hessian":[1.8562723E0],"tree_param":{"num_deleted":"0","num_feature":"21","num_nodes":"1","size_leaf_vector":"1"}},{"base_weights":[4.7145795E-2],"categories":[],"categories_nodes":[],"categories_segments":[],"categories_sizes":[],"default_left":[0],"id":91,"left_children":[-1],"loss_changes":[0E0],"parents":[2147483647],"right_children":[-1],"split_conditions":[2.35729E-3],"split_indices":[0],"split_type":[0],"sum_hessian":[1.864116E0],"tree_param":{"num_deleted":"0","num_feature":"21","num_nodes":"1","size_leaf_vector":"1"}},{"base_weights":[5.1927432E-2],"categories":[],"categories_nodes":[],"categories_segments":[],"categories_sizes":[],"default_left":[0],"id":92,"left_children":[-1],"loss_changes":[0E0],"parents":[2147483647],"right_children":[-1],"split_conditions":[2.5963716E-3],"split_indices":[0],"split_type":[0],"sum_hessian":[1.8511007E0],"tree_param":{"num_deleted":"0","num_feature":"21","num_nodes":"1","size_leaf_vector":"1"}},{"base_weights":[-2.9988357E-1],"categories":[],"categories_nodes":[],"categories_segments":[],"categories_sizes":[],"default_left":[0],"id":93,"left_children":[-1],"loss_changes":[0E0],"parents":[2147483647],"right_children":[-1],"split_conditions":[-1.4994179E-2],"split_indices":[0],"split_type":[0],"sum_hessian":[1.8554491E0],"tree_param":{"num_deleted":"0","num_feature":"21","num_nodes":"1","size_leaf_vector":"1"}},{"base_weights":[-6.4852715E-1],"categories":[],"categories_nodes":[],"categories_segments":[],"categories_sizes":[],"default_left":[0],"id":94,"left_children":[-1],"loss_changes":[0E0],"parents":[2147483647],"right_children":[-1],"split_conditions":[-3.2426357E-2],"split_indices":[0],"split_type":[0],"sum_hessian":[1.8427951E0],"tree_param":{"num_deleted":"0","num_feature":"21","num_nodes":"1","size_leaf_vector":"1"}},{"base_weights":[8.514449E-2],"categories":[],"categories_nodes":[],"categories_segments":[],"categories_sizes":[],"default_left":[0],"id":95,"left_children":[-1],"loss_changes":[0E0],"parents":[2147483647],"right_children":[-1],"split_conditions":[4.2572245E-3],"split_indices":[0],"split_type":[0],"sum_hessian":[1.7638959E0],"tree_param":{"num_deleted":"0","num_feature":"21","num_nodes":"1","size_leaf_vector":"1"}},{"base_weights":[7.8600645E-2],"categories":[],"categories_nodes":[],"categories_segments":[],"categories_sizes":[],"default_left":[0],"id":96,"left_children":[-1],"loss_changes":[0E0],"parents":[2147483647],"right_children":[-1],"split_conditions":[3.9300323E-3],"split_indices":[0],"split_type":[0],"sum_hessian":[1.7806545E0],"tree_param":{"num_deleted":"0","num_feature":"21","num_nodes":"1","size_leaf_vector":"1"}},{"base_weights":[-2.8397128E-1],"categories":[],"categories_nodes":[],"categories_segments":[],"categories_sizes":[],"default_left":[0],"id":97,"left_children":[-1],"loss_changes":[0E0],"parents":[2147483647],"right_children":[-1],"split_conditions":[-1.4198564E-2],"split_indices":[0],"split_type":[0],"sum_hessian":[1.7920775E0],"tree_param":{"num_deleted":"0","num_feature":"21","num_nodes":"1","size_leaf_vector":"1"}},{"base_weights":[9.2248894E-2],"categories":[],"categories_nodes":[],"categories_segments":[],"categories_sizes":[],"default_left":[0],"id":98,"left_children":[-1],"loss_changes":[0E0],"parents":[2147483647],"right_children":[-1],"split_conditions":[4.612445E-3],"split_indices":[0],"split_type":[0],"sum_hessian":[1.7459298E0],"tree_param":{"num_deleted":"0","num_feature":"21","num_nodes":"1","size_leaf_vector":"1"}},{"base_weights":[8.473804E-2],"categories":[],"categories_nodes":[],"categories_segments":[],"categories_sizes":[],"default_left":[0],"id":99,"left_children":[-1],"loss_changes":[0E0],"parents":[2147483647],"right_children":[-1],"split_conditions":[4.236902E-3],"split_indices":[0],"split_type":[0],"sum_hessian":[1.7649324E0],"tree_param":{"num_deleted":"0","num_feature":"21","num_nodes":"1","size_leaf_vector":"1"}},{"base_weights":[8.352416E-2],"categories":[],"categories_nodes":[],"categories_segments":[],"categories_sizes":[],"default_left":[0],"id":100,"left_children":[-1],"loss_changes":[0E0],"parents":[2147483647],"right_children":[-1],"split_conditions":[4.1762083E-3],"split_indices":[0],"split_type":[0],"sum_hessian":[1.7680254E0],"tree_param":{"num_deleted":"0","num_feature":"21","num_nodes":"1","size_leaf_vector":"1"}},{"base_weights":[-2.790969E-1],"categories":[],"categories_nodes":[],"categories_segments":[],"categories_sizes":[],"default_left":[0],"id":101,"left_children":[-1],"loss_changes":[0E0],"parents":[2147483647],"right_children":[-1],"split_conditions":[-1.3954845E-2],"split_indices":[0],"split_type":[0],"sum_hessian":[1.7732118E0],"tree_param":{"num_deleted":"0","num_feature":"21","num_nodes":"1","size_leaf_vector":"1"}},{"base_weights":[9.410904E-2],"categories":[],"categories_nodes":[],"categories_segments":[],"categories_sizes":[],"default_left":[0],"id":102,"left_children":[-1],"loss_changes":[0E0],"parents":[2147483647],"right_children":[-1],"split_conditions":[4.7054524E-3],"split_indices":[0],"split_type":[0],"sum_hessian":[1.741264E0],"tree_param":{"num_deleted":"0","num_feature":"21","num_nodes":"1","size_leaf_vector":"1"}},{"base_weights":[8.035901E-2],"categories":[],"categories_nodes":[],"categories_segments":[],"categories_sizes":[],"default_left":[0],"id":103,"left_children":[-1],"loss_changes":[0E0],"parents":[2147483647],"right_children":[-1],"split_conditions":[4.0179505E-3],"split_indices":[0],"split_type":[0],"sum_hessian":[1.7761354E0],"tree_param":{"num_deleted":"0","num_feature":"21","num_nodes":"1","size_leaf_vector":"1"}},{"base_weights":[7.911574E-2],"categories":[],"categories_nodes":[],"categories_segments":[],"categories_sizes":[],"default_left":[0],"id":104,"left_children":[-1],"loss_changes":[0E0],"parents":[2147483647],"right_children":[-1],"split_conditions":[3.955787E-3],"split_indices":[0],"split_type":[0],"sum_hessian":[1.7793297E0],"tree_param":{"num_deleted":"0","num_feature":"21","num_nodes":"1","size_leaf_vector":"1"}},{"base_weights":[7.045717E-2],"categories":[],"categories_nodes":[],"categories_segments":[],"categories_sizes":[],"default_left":[0],"id":105,"left_children":[-1],"loss_changes":[0E0],"parents":[2147483647],"right_children":[-1],"split_conditions":[3.5228585E-3],"split_indices":[0],"split_type":[0],"sum_hessian":[1.8017986E0],"tree_param":{"num_deleted":"0","num_feature":"21","num_nodes":"1","size_leaf_vector":"1"}},{"base_weights":[7.565876E-2],"categories":[],"categories_nodes":[],"categories_segments":[],"categories_sizes":[],"default_left":[0],"id":106,"left_children":[-1],"loss_changes":[0E0],"parents":[2147483647],"right_children":[-1],"split_conditions":[3.782938E-3],"split_indices":[0],"split_type":[0],"sum_hessian":[1.7882527E0],"tree_param":{"num_deleted":"0","num_feature":"21","num_nodes":"1","size_leaf_vector":"1"}},{"base_weights":[7.2709896E-2],"categories":[],"categories_nodes":[],"categories_segments":[],"categories_sizes":[],"default_left":[0],"id":107,"left_children":[-1],"loss_changes":[0E0],"parents":[2147483647],"right_children":[-1],"split_conditions":[3.6354947E-3],"split_indices":[0],"split_type":[0],"sum_hessian":[1.7959118E0],"tree_param":{"num_deleted":"0","num_feature":"21","num_nodes":"1","size_leaf_vector":"1"}},{"base_weights":[6.8846524E-2],"categories":[],"categories_nodes":[],"categories_segments":[],"categories_sizes":[],"default_left":[0],"id":108,"left_children":[-1],"loss_changes":[0E0],"parents":[2147483647],"right_children":[-1],"split_conditions":[3.4423263E-3],"split_indices":[0],"split_type":[0],"sum_hessian":[1.8060107E0],"tree_param":{"num_deleted":"0","num_feature":"21","num_nodes":"1","size_leaf_vector":"1"}},{"base_weights":[6.681907E-2],"categories":[],"categories_nodes":[],"categories_segments":[],"categories_sizes":[],"default_left":[0],"id":109,"left_children":[-1],"loss_changes":[0E0],"parents":[2147483647],"right_children":[-1],"split_conditions":[3.3409537E-3],"split_indices":[0],"split_type":[0],"sum_hessian":[1.8113385E0],"tree_param":{"num_deleted":"0","num_feature":"21","num_nodes":"1","size_leaf_vector":"1"}},{"base_weights":[6.775509E-2],"categories":[],"categories_nodes":[],"categories_segments":[],"categories_sizes":[],"default_left":[0],"id":110,"left_children":[-1],"loss_changes":[0E0],"parents":[2147483647],"right_children":[-1],"split_conditions":[3.3877546E-3],"split_indices":[0],"split_type":[0],"sum_hessian":[1.8088726E0],"tree_param":{"num_deleted":"0","num_feature":"21","num_nodes":"1","size_leaf_vector":"1"}},{"base_weights":[6.9188826E-2],"categories":[],"categories_nodes":[],"categories_segments":[],"categories_sizes":[],"default_left":[0],"id":111,"left_children":[-1],"loss_changes":[0E0],"parents":[2147483647],"right_children":[-1],"split_conditions":[3.4594412E-3],"split_indices":[0],"split_type":[0],"sum_hessian":[1.8051049E0],"tree_param":{"num_deleted":"0","num_feature":"21","num_nodes":"1","size_leaf_vector":"1"}},{"base_weights":[6.084321E-2],"categories":[],"categories_nodes":[],"categories_segments":[],"categories_sizes":[],"default_left":[0],"id":112,"left_children":[-1],"loss_changes":[0E0],"parents":[2147483647],"right_children":[-1],"split_conditions":[3.0421605E-3],"split_indices":[0],"split_type":[0],"sum_hessian":[1.8271606E0],"tree_param":{"num_deleted":"0","num_feature":"21","num_nodes":"1","size_leaf_vector":"1"}},{"base_weights":[5.723629E-2],"categories":[],"categories_nodes":[],"categories_segments":[],"categories_sizes":[],"default_left":[0],"id":113,"left_children":[-1],"loss_changes":[0E0],"parents":[2147483647],"right_children":[-1],"split_conditions":[2.8618146E-3],"split_indices":[0],"split_type":[0],"sum_hessian":[1.8367994E0],"tree_param":{"num_deleted":"0","num_feature":"21","num_nodes":"1","size_leaf_vector":"1"}},{"base_weights":[5.968377E-2],"categories":[],"categories_nodes":[],"categories_segments":[],"categories_sizes":[],"default_left":[0],"id":114,"left_children":[-1],"loss_changes":[0E0],"parents":[2147483647],"right_children":[-1],"split_conditions":[2.9841885E-3],"split_indices":[0],"split_type":[0],"sum_hessian":[1.8302479E0],"tree_param":{"num_deleted":"0","num_feature":"21","num_nodes":"1","size_leaf_vector":"1"}},{"base_weights":[5.6451123E-2],"categories":[],"categories_nodes":[],"categories_segments":[],"categories_sizes":[],"default_left":[0],"id":115,"left_children":[-1],"loss_changes":[0E0],"parents":[2147483647],"right_children":[-1],"split_conditions":[2.8225563E-3],"split_indices":[0],"split_type":[0],"sum_hessian":[1.838902E0],"tree_param":{"num_deleted":"0","num_feature":"21","num_nodes":"1","size_leaf_vector":"1"}},{"base_weights":[5.2828517E-2],"categories":[],"categories_nodes":[],"categories_segments":[],"categories_sizes":[],"default_left":[0],"id":116,"left_children":[-1],"loss_changes":[0E0],"parents":[2147483647],"right_children":[-1],"split_conditions":[2.641426E-3],"split_indices":[0],"split_type":[0],"sum_hessian":[1.8486638E0],"tree_param":{"num_deleted":"0","num_feature":"21","num_nodes":"1","size_leaf_vector":"1"}},{"base_weights":[5.1362466E-2],"categories":[],"categories_nodes":[],"categories_segments":[],"categories_sizes":[],"default_left":[0],"id":117,"left_children":[-1],"loss_changes":[0E0],"parents":[2147483647],"right_children":[-1],"split_conditions":[2.5681234E-3],"split_indices":[0],"split_type":[0],"sum_hessian":[1.8526324E0],"tree_param":{"num_deleted":"0","num_feature":"21","num_nodes":"1","size_leaf_vector":"1"}},{"base_weights":[4.9947295E-2],"categories":[],"categories_nodes":[],"categories_segments":[],"categories_sizes":[],"default_left":[0],"id":118,"left_children":[-1],"loss_changes":[0E0],"parents":[2147483647],"right_children":[-1],"split_conditions":[2.4973648E-3],"split_indices":[0],"split_type":[0],"sum_hessian":[1.8564734E0],"tree_param":{"num_deleted":"0","num_feature":"21","num_nodes":"1","size_leaf_vector":"1"}},{"base_weights":[4.1536298E-2],"categories":[],"categories_nodes":[],"categories_segments":[],"categories_sizes":[],"default_left":[0],"id":119,"left_children":[-1],"loss_changes":[0E0],"parents":[2147483647],"right_children":[-1],"split_conditions":[2.0768149E-3],"split_indices":[0],"split_type":[0],"sum_hessian":[1.8795286E0],"tree_param":{"num_deleted":"0","num_feature":"21","num_nodes":"1","size_leaf_vector":"1"}}]},"name":"gbtree"},"learner_model_param":{"base_score":"4.4404974E-4","boost_from_average":"1","num_class":"0","num_feature":"21","num_target":"1"},"objective":{"name":"binary:logistic","reg_loss_param":{"scale_pos_weight":"1"}}},"version":[3,0,4]}