Name,Gender,Age,Occupation,ZIP-code
Scott Greatreax,M,18,15,482
Car Hedgecock,M,45,0,490
Normand Wogdon,M,25,6,406
Lou Thornham,F,18,9,532
Rustin Meadowcraft,M,25,16,800
Alvis Frodsam,M,56,2,292
Hamel Fasson,M,45,6,926
Vanna Jakubovics,F,1,20,557
Bethena Gerardot,F,18,6,870
Guido Fellenor,M,45,14,284
Vittorio Hallard,M,45,10,105
Mariana Lideard,F,25,7,262
Jared Maylard,M,18,5,966
Felicio Parncutt,M,45,13,136
Frederica Furmston,F,18,17,921
Tiler Bartram,M,35,4,142
Cesare Scranny,M,25,20,550
Francklin O'Haire,M,25,6,997
Jamil Gascoyen,M,25,8,606
Manolo Levensky,M,1,1,840
Blithe Pipkin,F,1,12,118
Jillane Egell,F,56,2,445
Abdel Dahle,M,18,5,83
Quintilla Wasmuth,F,1,16,931
Rhodia Cona,F,18,9,322
Lolly Pogg,F,56,10,944
Christan Helstrip,F,45,4,640
Sampson Denizet,M,18,0,630
Helene Piddocke,F,45,4,975
Willamina Indgs,F,18,7,582
Waverly Bushell,M,18,11,143
Rea Watmore,F,35,19,347
Waylin Scardefield,M,18,15,245
Nina Chillingworth,F,25,8,230
Horacio Hyam,M,45,4,285
Jaquenette Merkle,F,1,20,857
Viviana Delort,F,35,6,527
Kandy Basson,F,1,7,287
Kristian Thirst,M,25,11,501
Franciskus Benes,M,18,17,447
Wang Clelland,M,45,9,793
Marj Lark,F,50,7,809
Nerta Pere,F,1,11,173
Elspeth Girdlestone,F,50,7,50
Joletta Sabathe,F,25,2,685
Siouxie Addinall,F,50,20,939
Wyatan Cushelly,M,45,14,457
Matthieu Gridley,M,50,9,598
Jerrie Beagley,M,45,13,26
Isak Ritchard,M,25,4,701
