Name,Gender,Age,Occupation,ZIP-code
Olga Cowlard,F,45,1,598
Uriel Guille,M,35,9,468
Bev Sherington,F,1,4,765
Sophey Scotchbrook,F,45,3,209
Tory Lippini,F,35,5,596
Maury Blodget,M,56,18,625
Elane Fearnley,F,25,20,410
Bethany Mathevon,F,35,18,751
Brok Stonnell,M,50,2,906
Gabbey Whithalgh,F,45,17,720
Claudine Wittke,F,25,4,913
Goldy Salmon,F,35,12,61
Konstance Prestland,F,35,20,856
Harlin Yanson,M,25,8,773
Adeline Noore,F,35,12,40
Konstantine Shiliton,M,45,19,871
Cally Ciciura,F,25,12,100
Cristionna Gurge,F,1,9,165
Diane-marie Brunstan,F,50,11,452
Engracia Ambrodi,F,50,10,277
Pablo Quirk,M,56,9,40
King Trebbett,M,56,5,772
Tyson Guare,M,45,12,815
Terrance Heaviside,M,50,0,468
Julio Baumadier,M,45,1,741
Avrit Housiaux,F,18,11,105
Webster Hammel,M,56,20,220
Horace Privett,M,1,13,786
Romonda Fulleylove,F,1,0,54
Teresa Enriquez,F,50,0,549
Bess Ferrarin,F,25,12,120
Kippie Eannetta,F,35,12,618
Danika Brotherton,F,45,12,770
Riobard Bollins,M,45,3,985
Anestassia Uridge,F,1,11,982
Sarene Ferroli,F,25,0,433
Jacky Devil,M,35,0,473
Marleah Swinerd,F,45,0,841
Hew Caplan,M,18,4,992
Mauricio Maskill,M,25,9,30
Gavan Riall,M,18,0,493
Noni Lago,F,35,1,681
Poul Nellies,M,18,1,373
Cherrita Cator,F,56,19,74
Sansone Grigoriev,M,18,3,244
Sibyl Gofford,M,50,6,433
Willi Grigson,F,25,16,780
Les Fear,M,18,2,279
Edgard Donhardt,M,35,15,339
Milton Pomphrey,M,1,13,958
