Name,Gender,Age,Occupation,ZIP-code
Lissie Camacke,F,56,17,612
Sandor Gore,M,35,3,210
Reine Hender,F,35,14,787
Thurstan Le Friec,M,18,5,38
Euell McMullen,M,35,20,857
Glynnis Weber,F,35,7,547
Haskel MacDearmont,M,25,2,551
Matt Daud,M,25,12,56
Abdel McGillivrie,M,25,2,486
Margarete Josling,F,56,20,970
Eustace Baline,M,56,8,958
Michell Reith,F,18,0,655
Vladamir Pickerill,M,45,0,959
Chad Rosenshine,M,18,14,990
Gregorio Cinelli,M,35,4,421
Langsdon Bruniges,M,25,15,941
Dulcie Maltster,F,18,6,349
Skyler Hulatt,M,56,2,880
Remington Danby,M,45,11,924
Aileen Partleton,F,25,16,469
Kinsley Haskey,M,1,8,606
Rochette Treasure,F,18,11,633
Karim Ringham,M,45,20,488
Connie Bessom,M,25,3,915
Alard Hemms,M,18,20,275
Torr Collie,M,25,11,436
Kimble Abrahams,M,18,20,13
Hesther Ovenden,F,35,19,27
Valdemar Yurivtsev,M,25,6,98
Galvan Blore,M,25,14,917
Marchall Loffhead,M,45,19,623
Alyse Allonby,F,1,19,907
Perceval Arnoud,M,35,3,906
Mitchel Samber,M,18,16,430
Davin Castaner,M,25,17,208
Dante Von Hindenburg,M,25,9,970
Clement Gravy,M,35,6,907
Cordey Sharphouse,F,50,17,442
Rahel Byard,F,50,15,319
Romy Bitcheno,F,35,20,841
Lonnie Jendrassik,F,50,20,863
Morgun Towson,M,45,12,434
Walton Panther,M,18,0,50
Nobe Ferentz,M,45,3,42
Vin McAvaddy,M,45,3,920
Inglebert Martygin,M,45,10,16
Abbot Redman,M,35,6,16
Aluino Shefton,M,18,3,447
Vladimir Gormley,M,45,4,852
Isabeau Harle,F,45,1,666
